fips,rural_urban,no_diploma
0,,0.12
1000,,0.138
1001,2,0.115
1003,3,0.092
1005,6,0.268
1007,1,0.209
1009,1,0.195
1011,6,0.253
1013,6,0.15
1015,3,0.156
1017,6,0.184
1019,6,0.184
1021,1,0.182
1023,9,0.186
1025,7,0.194
1027,9,0.233
1029,8,0.21
1031,4,0.141
1033,3,0.148
1035,7,0.157
1037,8,0.2
1039,6,0.166
1041,8,0.208
1043,4,0.184
1045,4,0.139
1047,4,0.182
1049,6,0.252
1051,2,0.134
1053,6,0.189
1055,3,0.154
1057,6,0.174
1059,6,0.228
1061,3,0.197
1063,8,0.208
1065,3,0.16
1067,3,0.206
1069,3,0.14
1071,6,0.168
1073,1,0.099
1075,8,0.177
1077,3,0.126
1079,3,0.207
1081,3,0.091
1083,2,0.153
1085,2,0.217
1087,6,0.182
1089,2,0.083
1091,7,0.162
1093,7,0.204
1095,4,0.184
1097,2,0.135
1099,7,0.144
1101,2,0.133
1103,3,0.159
1105,8,0.172
1107,3,0.185
1109,6,0.15
1111,6,0.204
1113,2,0.162
1115,1,0.154
1117,1,0.073
1119,8,0.133
1121,4,0.197
1123,6,0.193
1125,3,0.117
1127,1,0.182
1129,8,0.174
1131,9,0.235
1133,6,0.212
2000,,0.072
2010,,0
2013,9,0.145
2016,9,0.105
2020,2,0.061
2050,7,0.191
2060,9,0.06
2068,8,0.015
2070,9,0.137
2090,3,0.055
2100,9,0.025
2105,9,0.063
2110,5,0.036
2122,7,0.073
2130,7,0.072
2150,7,0.102
2158,9,0.211
2160,,0
2164,9,0.12
2170,2,0.071
2180,7,0.154
2185,7,0.103
2188,7,0.175
2195,9,0.103
2198,9,0.092
2201,,0
2220,7,0.053
2230,9,0.053
2231,,0
2232,,0
2240,9,0.101
2250,,0
2261,9,0.046
2275,9,0.135
2280,,0
2282,9,0.088
2290,9,0.14
4000,,0.129
4001,6,0.196
4003,3,0.126
4005,3,0.095
4007,4,0.137
4009,7,0.147
4011,7,0.119
4012,6,0.231
4013,1,0.123
4015,3,0.139
4017,4,0.166
4019,2,0.116
4021,1,0.142
4023,4,0.234
4025,3,0.09
4027,3,0.267
5000,,0.134
5001,6,0.161
5003,7,0.167
5005,7,0.113
5007,2,0.114
5009,7,0.126
5011,7,0.19
5013,9,0.158
5015,6,0.137
5017,7,0.192
5019,7,0.1
5021,7,0.175
5023,6,0.141
5025,3,0.104
5027,7,0.141
5029,6,0.13
5031,3,0.107
5033,2,0.15
5035,1,0.174
5037,6,0.164
5039,6,0.161
5041,6,0.189
5043,6,0.131
5045,2,0.082
5047,6,0.163
5049,9,0.144
5051,3,0.109
5053,2,0.092
5055,4,0.118
5057,6,0.174
5059,6,0.142
5061,6,0.148
5063,7,0.14
5065,9,0.162
5067,6,0.198
5069,3,0.139
5071,7,0.211
5073,8,0.203
5075,6,0.159
5077,7,0.242
5079,3,0.189
5081,3,0.11
5083,6,0.138
5085,2,0.109
5087,2,0.194
5089,9,0.135
5091,3,0.135
5093,4,0.189
5095,7,0.211
5097,8,0.202
5099,7,0.096
5101,9,0.135
5103,7,0.14
5105,2,0.152
5107,6,0.197
5109,9,0.126
5111,3,0.197
5113,7,0.151
5115,5,0.155
5117,8,0.168
5119,2,0.096
5121,7,0.171
5123,6,0.181
5125,2,0.094
5127,6,0.209
5129,9,0.182
5131,2,0.159
5133,6,0.235
5135,7,0.165
5137,9,0.188
5139,7,0.151
5141,8,0.149
5143,2,0.15
5145,4,0.156
5147,9,0.183
5149,6,0.218
6000,,0.167
6001,1,0.116
6003,8,0.088
6005,6,0.1
6007,3,0.108
6009,6,0.098
6011,6,0.287
6013,1,0.105
6015,7,0.199
6017,1,0.066
6019,2,0.24
6021,6,0.252
6023,5,0.095
6025,3,0.303
6027,7,0.114
6029,2,0.259
6031,3,0.266
6033,4,0.142
6035,7,0.168
6037,1,0.209
6039,3,0.281
6041,1,0.067
6043,8,0.094
6045,4,0.135
6047,2,0.309
6049,6,0.152
6051,7,0.114
6053,2,0.285
6055,3,0.145
6057,4,0.056
6059,1,0.145
6061,1,0.055
6063,7,0.049
6065,1,0.18
6067,1,0.123
6069,1,0.195
6071,1,0.2
6073,1,0.126
6075,1,0.115
6077,2,0.207
6079,2,0.087
6081,1,0.104
6083,2,0.191
6085,1,0.116
6087,2,0.137
6089,3,0.089
6091,8,0.076
6093,6,0.098
6095,2,0.116
6097,2,0.112
6099,2,0.211
6101,3,0.218
6103,4,0.155
6105,8,0.076
6107,2,0.292
6109,4,0.093
6111,2,0.15
6113,1,0.135
6115,3,0.177
8000,,0.083
8001,1,0.162
8003,7,0.131
8005,1,0.074
8007,7,0.077
8009,9,0.138
8011,7,0.152
8013,2,0.05
8014,1,0.031
8015,7,0.065
8017,9,0.084
8019,1,0.014
8021,9,0.12
8023,9,0.19
8025,8,0.139
8027,8,0.064
8029,6,0.093
8031,1,0.12
8033,9,0.062
8035,1,0.019
8037,5,0.117
8039,1,0.033
8041,2,0.058
8043,4,0.099
8045,5,0.119
8047,1,0.015
8049,7,0.054
8051,7,0.026
8053,9,0.063
8055,6,0.076
8057,9,0.126
8059,1,0.055
8061,9,0.043
8063,7,0.105
8065,6,0.163
8067,4,0.045
8069,2,0.041
8071,7,0.121
8073,8,0.091
8075,7,0.104
8077,3,0.095
8079,9,0.026
8081,7,0.113
8083,6,0.1
8085,4,0.11
8087,6,0.211
8089,6,0.128
8091,9,0.022
8093,1,0.023
8095,9,0.115
8097,7,0.031
8099,7,0.195
8101,3,0.103
8103,9,0.081
8105,7,0.13
8107,7,0.032
8109,9,0.169
8111,9,0.062
8113,9,0.032
8115,9,0.13
8117,5,0.071
8119,2,0.028
8121,9,0.081
8123,2,0.119
8125,7,0.114
9000,,0.094
9001,2,0.1
9003,1,0.103
9005,4,0.07
9007,1,0.058
9009,2,0.099
9011,2,0.077
9013,1,0.05
9015,2,0.116
10000,,0.1
10001,3,0.126
10003,1,0.084
10005,2,0.119
11000,,0.091
11001,1,0.091
12000,,0.118
12001,2,0.074
12003,1,0.143
12005,3,0.093
12007,6,0.204
12009,2,0.078
12011,1,0.11
12013,6,0.231
12015,3,0.094
12017,3,0.116
12019,1,0.082
12021,2,0.129
12023,4,0.139
12027,6,0.265
12029,6,0.216
12031,1,0.102
12033,2,0.095
12035,2,0.078
12037,6,0.193
12039,2,0.202
12041,2,0.146
12043,6,0.255
12045,3,0.145
12047,6,0.27
12049,6,0.228
12051,4,0.337
12053,1,0.121
12055,3,0.143
12057,1,0.113
12059,6,0.213
12061,3,0.106
12063,6,0.195
12065,2,0.18
12067,9,0.247
12069,1,0.105
12071,2,0.116
12073,2,0.065
12075,6,0.151
12077,8,0.186
12079,6,0.19
12081,2,0.103
12083,2,0.124
12085,2,0.09
12086,1,0.186
12087,4,0.086
12089,1,0.087
12091,3,0.076
12093,4,0.228
12095,1,0.115
12097,1,0.133
12099,1,0.115
12101,1,0.105
12103,1,0.087
12105,2,0.15
12107,4,0.182
12109,1,0.052
12111,2,0.137
12113,2,0.087
12115,2,0.069
12117,1,0.057
12119,3,0.079
12121,6,0.177
12123,6,0.212
12125,6,0.235
12127,2,0.095
12129,2,0.123
12131,3,0.109
12133,6,0.187
13000,,0.129
13001,7,0.251
13003,9,0.328
13005,7,0.179
13007,3,0.194
13009,4,0.142
13011,8,0.241
13013,1,0.155
13015,1,0.164
13017,7,0.165
13019,6,0.21
13021,3,0.14
13023,6,0.114
13025,3,0.211
13027,3,0.149
13029,2,0.084
13031,4,0.127
13033,2,0.199
13035,1,0.194
13037,8,0.271
13039,4,0.087
13043,7,0.227
13045,1,0.154
13047,2,0.125
13049,6,0.259
13051,2,0.101
13053,2,0.057
13055,6,0.262
13057,1,0.079
13059,3,0.12
13061,9,0.2
13063,1,0.152
13065,6,0.308
13067,1,0.079
13069,7,0.243
13071,6,0.253
13073,2,0.073
13075,6,0.209
13077,1,0.108
13079,3,0.169
13081,6,0.172
13083,2,0.193
13085,1,0.128
13087,6,0.175
13089,1,0.107
13091,6,0.144
13093,6,0.223
13095,3,0.166
13097,1,0.122
13099,6,0.196
13101,3,0.258
13103,2,0.117
13105,6,0.216
13107,7,0.214
13109,6,0.238
13111,8,0.134
13113,1,0.047
13115,3,0.176
13117,1,0.07
13119,8,0.177
13121,1,0.074
13123,6,0.183
13125,9,0.218
13127,3,0.119
13129,4,0.221
13131,6,0.199
13133,6,0.147
13135,1,0.123
13137,6,0.204
13139,3,0.209
13141,7,0.258
13143,1,0.188
13145,2,0.078
13147,6,0.185
13149,1,0.203
13151,1,0.088
13153,3,0.084
13155,7,0.185
13157,4,0.159
13159,1,0.172
13161,7,0.207
13163,6,0.236
13165,6,0.207
13167,7,0.249
13169,3,0.109
13171,1,0.13
13173,3,0.2
13175,5,0.141
13177,3,0.091
13179,3,0.093
13181,2,0.179
13183,3,0.123
13185,3,0.134
13187,6,0.152
13189,2,0.166
13191,3,0.148
13193,6,0.264
13195,3,0.168
13197,2,0.222
13199,1,0.203
13201,8,0.174
13205,6,0.228
13207,3,0.143
13209,9,0.183
13211,1,0.123
13213,3,0.293
13215,2,0.12
13217,1,0.134
13219,3,0.055
13221,3,0.203
13223,1,0.106
13225,3,0.17
13227,1,0.147
13229,6,0.166
13231,1,0.118
13233,4,0.212
13235,3,0.189
13237,6,0.124
13239,9,0.353
13241,7,0.152
13243,6,0.255
13245,2,0.159
13247,1,0.112
13249,8,0.124
13251,6,0.165
13253,6,0.14
13255,1,0.181
13257,7,0.179
13259,8,0.319
13261,6,0.186
13263,8,0.177
13265,8,0.29
13267,6,0.242
13269,8,0.215
13271,7,0.297
13273,3,0.225
13275,4,0.151
13277,5,0.181
13279,7,0.199
13281,9,0.101
13283,7,0.263
13285,4,0.166
13287,6,0.188
13289,3,0.258
13291,9,0.11
13293,6,0.177
13295,2,0.18
13297,1,0.131
13299,5,0.186
13301,8,0.268
13303,7,0.187
13305,6,0.166
13307,8,0.207
13309,9,0.192
13311,6,0.148
13313,3,0.305
13315,8,0.179
13317,6,0.163
13319,8,0.156
13321,3,0.171
15000,,0.08
15001,5,0.077
15003,2,0.081
15005,3,0.097
15007,5,0.075
15009,3,0.08
16000,,0.092
16001,2,0.048
16003,9,0.098
16005,3,0.075
16007,9,0.065
16009,6,0.124
16011,4,0.108
16013,7,0.113
16015,2,0.057
16017,6,0.092
16019,3,0.08
16021,7,0.082
16023,3,0.072
16025,9,0.067
16027,2,0.149
16029,6,0.088
16031,7,0.164
16033,9,0.402
16035,6,0.096
16037,8,0.106
16039,6,0.101
16041,3,0.097
16043,6,0.134
16045,2,0.122
16047,7,0.209
16049,6,0.095
16051,3,0.098
16053,7,0.228
16055,3,0.068
16057,4,0.042
16059,7,0.079
16061,8,0.115
16063,9,0.234
16065,4,0.041
16067,7,0.208
16069,3,0.08
16071,8,0.098
16073,2,0.239
16075,6,0.143
16077,6,0.208
16079,6,0.138
16081,9,0.062
16083,5,0.129
16085,8,0.054
16087,6,0.15
17000,,0.108
17001,5,0.075
17003,3,0.135
17005,1,0.108
17007,2,0.138
17009,7,0.17
17011,7,0.092
17013,1,0.084
17015,7,0.088
17017,6,0.16
17019,3,0.05
17021,6,0.103
17023,6,0.072
17025,7,0.12
17027,1,0.099
17029,5,0.086
17031,1,0.129
17033,7,0.15
17035,9,0.094
17037,1,0.077
17039,3,0.085
17041,6,0.168
17043,1,0.07
17045,6,0.099
17047,9,0.08
17049,7,0.069
17051,6,0.162
17053,3,0.096
17055,4,0.111
17057,6,0.114
17059,8,0.131
17061,6,0.094
17063,1,0.068
17065,7,0.129
17067,7,0.066
17069,9,0.204
17071,9,0.088
17073,2,0.088
17075,6,0.105
17077,3,0.081
17079,7,0.102
17081,7,0.126
17083,1,0.077
17085,6,0.077
17087,8,0.178
17089,1,0.154
17091,3,0.118
17093,1,0.076
17095,4,0.109
17097,1,0.094
17099,4,0.114
17101,7,0.151
17103,6,0.112
17105,4,0.101
17107,6,0.113
17109,5,0.064
17111,1,0.069
17113,3,0.041
17115,3,0.096
17117,1,0.087
17119,1,0.075
17121,4,0.11
17123,2,0.071
17125,6,0.108
17127,7,0.132
17129,3,0.059
17131,2,0.081
17133,1,0.04
17135,6,0.123
17137,4,0.091
17139,6,0.153
17141,4,0.098
17143,2,0.091
17145,6,0.167
17147,3,0.061
17149,7,0.113
17151,8,0.14
17153,8,0.112
17155,8,0.073
17157,6,0.157
17159,7,0.109
17161,2,0.114
17163,1,0.089
17165,6,0.133
17167,3,0.075
17169,7,0.106
17171,9,0.065
17173,6,0.077
17175,2,0.087
17177,4,0.075
17179,2,0.073
17181,6,0.116
17183,3,0.115
17185,7,0.094
17187,6,0.133
17189,6,0.078
17191,7,0.121
17193,6,0.101
17195,4,0.094
17197,1,0.09
17199,3,0.077
17201,2,0.123
17203,2,0.052
18000,,0.112
18001,6,0.153
18003,2,0.106
18005,3,0.094
18007,3,0.101
18009,6,0.106
18011,1,0.063
18013,1,0.079
18015,3,0.116
18017,4,0.146
18019,1,0.106
18021,3,0.086
18023,6,0.143
18025,8,0.196
18027,7,0.262
18029,1,0.104
18031,6,0.091
18033,4,0.098
18035,3,0.103
18037,5,0.107
18039,3,0.192
18041,6,0.179
18043,1,0.092
18045,6,0.11
18047,6,0.127
18049,7,0.122
18051,6,0.081
18053,4,0.128
18055,6,0.121
18057,1,0.032
18059,1,0.071
18061,1,0.116
18063,1,0.06
18065,4,0.107
18067,3,0.105
18069,6,0.082
18071,4,0.127
18073,1,0.118
18075,6,0.12
18077,6,0.103
18079,6,0.122
18081,1,0.079
18083,5,0.113
18085,4,0.143
18087,6,0.382
18089,1,0.113
18091,3,0.115
18093,6,0.117
18095,1,0.116
18097,1,0.139
18099,6,0.151
18101,7,0.119
18103,6,0.139
18105,3,0.073
18107,6,0.102
18109,1,0.119
18111,1,0.143
18113,6,0.164
18115,1,0.124
18117,6,0.168
18119,3,0.146
18121,6,0.138
18123,6,0.097
18125,8,0.132
18127,1,0.064
18129,2,0.066
18131,6,0.115
18133,1,0.111
18135,6,0.125
18137,6,0.107
18139,6,0.126
18141,2,0.115
18143,1,0.168
18145,1,0.127
18147,8,0.095
18149,6,0.151
18151,7,0.089
18153,3,0.113
18155,8,0.161
18157,3,0.084
18159,6,0.107
18161,1,0.126
18163,2,0.099
18165,3,0.09
18167,3,0.116
18169,6,0.112
18171,8,0.08
18173,2,0.068
18175,1,0.15
18177,5,0.135
18179,2,0.078
18181,6,0.112
18183,2,0.082
19000,,0.079
19001,8,0.058
19003,9,0.062
19005,6,0.117
19007,7,0.098
19009,8,0.105
19011,2,0.059
19013,3,0.086
19015,6,0.061
19017,3,0.036
19019,6,0.059
19021,7,0.216
19023,8,0.075
19025,9,0.062
19027,7,0.065
19029,6,0.12
19031,6,0.044
19033,5,0.073
19035,6,0.069
19037,6,0.072
19039,6,0.122
19041,7,0.064
19043,8,0.101
19045,4,0.091
19047,7,0.198
19049,2,0.044
19051,9,0.169
19053,9,0.109
19055,6,0.083
19057,5,0.08
19059,7,0.04
19061,3,0.073
19063,7,0.093
19065,6,0.083
19067,7,0.099
19069,7,0.089
19071,8,0.079
19073,6,0.066
19075,3,0.054
19077,2,0.069
19079,6,0.067
19081,7,0.067
19083,6,0.076
19085,2,0.085
19087,6,0.074
19089,6,0.091
19091,7,0.072
19093,8,0.068
19095,6,0.062
19097,6,0.074
19099,6,0.061
19101,7,0.068
19103,3,0.051
19105,2,0.077
19107,8,0.071
19109,7,0.061
19111,5,0.07
19113,2,0.055
19115,8,0.159
19117,6,0.079
19119,8,0.094
19121,2,0.058
19123,7,0.078
19125,6,0.067
19127,4,0.162
19129,2,0.072
19131,7,0.082
19133,6,0.077
19135,7,0.123
19137,6,0.096
19139,4,0.11
19141,7,0.079
19143,7,0.116
19145,6,0.085
19147,7,0.073
19149,3,0.069
19151,9,0.078
19153,2,0.085
19155,2,0.105
19157,7,0.061
19159,9,0.073
19161,9,0.072
19163,2,0.072
19165,6,0.076
19167,7,0.098
19169,3,0.028
19171,6,0.087
19173,9,0.098
19175,6,0.097
19177,9,0.108
19179,5,0.119
19181,2,0.046
19183,3,0.086
19185,9,0.121
19187,5,0.095
19189,7,0.076
19191,7,0.048
19193,3,0.129
19195,9,0.067
19197,7,0.076
20000,,0.09
20001,7,0.081
20003,6,0.09
20005,6,0.073
20007,9,0.089
20009,7,0.105
20011,6,0.087
20013,6,0.068
20015,2,0.075
20017,9,0.082
20019,8,0.134
20021,6,0.101
20023,9,0.064
20025,9,0.052
20027,6,0.071
20029,7,0.07
20031,6,0.073
20033,9,0.061
20035,4,0.093
20037,4,0.079
20039,9,0.06
20041,7,0.085
20043,3,0.097
20045,3,0.046
20047,9,0.146
20049,8,0.115
20051,5,0.067
20053,7,0.084
20055,5,0.29
20057,5,0.264
20059,6,0.078
20061,4,0.062
20063,9,0.079
20065,9,0.074
20067,7,0.23
20069,9,0.226
20071,9,0.13
20073,6,0.076
20075,9,0.192
20077,8,0.104
20079,2,0.095
20081,9,0.276
20083,9,0.089
20085,3,0.054
20087,3,0.065
20089,9,0.069
20091,1,0.04
20093,9,0.241
20095,2,0.064
20097,9,0.118
20099,7,0.102
20101,9,0.057
20103,1,0.078
20105,9,0.067
20107,1,0.103
20109,9,0.09
20111,4,0.117
20113,7,0.087
20115,6,0.084
20117,6,0.078
20119,9,0.193
20121,1,0.04
20123,7,0.052
20125,5,0.112
20127,8,0.088
20129,9,0.16
20131,6,0.058
20133,7,0.092
20135,9,0.091
20137,7,0.109
20139,3,0.092
20141,9,0.061
20143,9,0.051
20145,7,0.094
20147,7,0.076
20149,3,0.058
20151,7,0.079
20153,9,0.042
20155,4,0.115
20157,9,0.041
20159,7,0.084
20161,3,0.042
20163,9,0.113
20165,9,0.079
20167,7,0.119
20169,5,0.085
20171,7,0.156
20173,2,0.104
20175,5,0.337
20177,3,0.078
20179,9,0.039
20181,7,0.077
20183,9,0.07
20185,9,0.093
20187,9,0.215
20189,7,0.218
20191,2,0.077
20193,7,0.067
20195,9,0.068
20197,3,0.046
20199,9,0.053
20201,9,0.084
20203,9,0.134
20205,7,0.115
20207,9,0.093
20209,1,0.211
21000,,0.137
21001,7,0.204
21003,3,0.179
21005,6,0.101
21007,9,0.128
21009,6,0.17
21011,8,0.231
21013,7,0.304
21015,1,0.069
21017,2,0.16
21019,2,0.118
21021,7,0.129
21023,1,0.143
21025,7,0.244
21027,8,0.159
21029,1,0.115
21031,3,0.204
21033,7,0.13
21035,7,0.105
21037,1,0.092
21039,9,0.167
21041,6,0.217
21043,6,0.208
21045,9,0.24
21047,2,0.144
21049,2,0.138
21051,7,0.353
21053,9,0.268
21055,7,0.162
21057,9,0.182
21059,3,0.1
21061,3,0.219
21063,9,0.25
21065,6,0.244
21067,2,0.088
21069,7,0.204
21071,7,0.248
21073,4,0.11
21075,9,0.209
21077,1,0.188
21079,6,0.19
21081,1,0.134
21083,7,0.126
21085,6,0.185
21087,8,0.245
21089,2,0.11
21091,3,0.146
21093,3,0.095
21095,7,0.272
21097,6,0.179
21099,8,0.238
21101,2,0.131
21103,1,0.149
21105,9,0.199
21107,5,0.133
21109,9,0.254
21111,1,0.094
21113,2,0.127
21115,7,0.194
21117,1,0.101
21119,9,0.249
21121,7,0.265
21123,3,0.16
21125,5,0.189
21127,6,0.249
21129,9,0.319
21131,9,0.287
21133,9,0.243
21135,8,0.242
21137,7,0.201
21139,9,0.162
21141,6,0.151
21143,9,0.122
21145,5,0.095
21147,9,0.234
21149,3,0.127
21151,4,0.125
21153,9,0.303
21155,7,0.185
21157,7,0.113
21159,9,0.256
21161,6,0.137
21163,3,0.113
21165,9,0.226
21167,6,0.156
21169,9,0.244
21171,8,0.252
21173,6,0.152
21175,9,0.237
21177,6,0.179
21179,6,0.102
21181,8,0.242
21183,6,0.167
21185,1,0.062
21187,8,0.207
21189,9,0.312
21191,1,0.162
21193,7,0.231
21195,7,0.23
21197,6,0.197
21199,5,0.172
21201,8,0.153
21203,7,0.216
21205,7,0.158
21207,9,0.215
21209,2,0.09
21211,1,0.135
21213,6,0.13
21215,1,0.096
21217,7,0.129
21219,8,0.225
21221,2,0.12
21223,1,0.172
21225,6,0.1
21227,3,0.119
21229,9,0.16
21231,7,0.254
21233,8,0.175
21235,7,0.186
21237,9,0.282
21239,2,0.089
22000,,0.148
22001,2,0.21
22003,6,0.203
22005,2,0.114
22007,6,0.256
22009,6,0.232
22011,6,0.147
22013,6,0.159
22015,2,0.103
22017,2,0.13
22019,3,0.132
22021,8,0.233
22023,3,0.153
22025,9,0.257
22027,6,0.205
22029,7,0.198
22031,2,0.174
22033,2,0.095
22035,7,0.295
22037,2,0.2
22039,6,0.243
22041,7,0.25
22043,3,0.175
22045,2,0.201
22047,2,0.204
22049,6,0.194
22051,1,0.143
22053,6,0.187
22055,2,0.114
22057,3,0.218
22059,6,0.224
22061,4,0.115
22063,2,0.148
22065,7,0.261
22067,6,0.205
22069,6,0.116
22071,1,0.135
22073,3,0.135
22075,1,0.163
22077,2,0.202
22079,3,0.145
22081,8,0.192
22083,6,0.217
22085,6,0.143
22087,1,0.198
22089,1,0.1
22091,2,0.225
22093,1,0.146
22095,1,0.139
22097,4,0.233
22099,2,0.181
22101,4,0.172
22103,1,0.095
22105,3,0.164
22107,9,0.225
22109,3,0.21
22111,3,0.143
22113,2,0.221
22115,5,0.132
22117,6,0.205
22119,2,0.161
22121,2,0.128
22123,9,0.212
22125,2,0.179
22127,6,0.182
23000,,0.074
23001,3,0.098
23003,7,0.114
23005,2,0.049
23007,6,0.074
23009,6,0.059
23011,4,0.075
23013,7,0.064
23015,8,0.069
23017,6,0.081
23019,3,0.08
23021,8,0.097
23023,2,0.06
23025,6,0.116
23027,6,0.078
23029,7,0.107
23031,2,0.068
24000,,0.098
24001,3,0.098
24003,1,0.076
24005,1,0.085
24009,1,0.053
24011,6,0.157
24013,1,0.073
24015,1,0.105
24017,1,0.068
24019,6,0.121
24021,1,0.075
24023,6,0.102
24025,1,0.073
24027,1,0.045
24029,6,0.114
24031,1,0.09
24033,1,0.133
24035,1,0.068
24037,3,0.102
24039,2,0.187
24041,6,0.088
24043,2,0.128
24045,2,0.128
24047,2,0.087
24510,1,0.148
25000,,0.092
25001,3,0.045
25003,3,0.087
25005,1,0.143
25007,7,0.052
25009,1,0.107
25011,4,0.067
25013,2,0.142
25015,2,0.053
25017,1,0.066
25019,7,0.044
25021,1,0.061
25023,1,0.071
25025,1,0.137
25027,2,0.093
26000,,0.092
26001,9,0.107
26003,7,0.101
26005,4,0.091
26007,7,0.081
26009,9,0.083
26011,8,0.115
26013,9,0.108
26015,2,0.073
26017,3,0.095
26019,9,0.067
26021,3,0.103
26023,6,0.109
26025,3,0.09
26027,2,0.123
26029,7,0.06
26031,7,0.099
26033,7,0.1
26035,6,0.155
26037,2,0.055
26039,7,0.101
26041,5,0.059
26043,7,0.05
26045,2,0.057
26047,7,0.061
26049,2,0.094
26051,6,0.13
26053,7,0.063
26055,5,0.048
26057,6,0.089
26059,6,0.118
26061,5,0.072
26063,7,0.109
26065,2,0.071
26067,4,0.095
26069,7,0.111
26071,7,0.089
26073,4,0.085
26075,3,0.092
26077,2,0.064
26079,7,0.127
26081,2,0.093
26083,9,0.036
26085,9,0.176
26087,1,0.091
26089,9,0.043
26091,4,0.091
26093,1,0.048
26095,7,0.116
26097,7,0.093
26099,1,0.101
26101,7,0.101
26103,5,0.05
26105,7,0.079
26107,6,0.098
26109,7,0.075
26111,3,0.058
26113,9,0.105
26115,3,0.086
26117,2,0.113
26119,9,0.131
26121,3,0.087
26123,6,0.119
26125,1,0.059
26127,6,0.128
26129,9,0.141
26131,9,0.075
26133,9,0.113
26135,9,0.166
26137,7,0.08
26139,2,0.07
26141,7,0.104
26143,7,0.101
26145,3,0.106
26147,1,0.092
26149,4,0.13
26151,6,0.116
26153,7,0.094
26155,4,0.078
26157,6,0.107
26159,2,0.129
26161,2,0.047
26163,1,0.135
26165,7,0.104
27000,,0.069
27001,8,0.088
27003,1,0.06
27005,6,0.069
27007,7,0.079
27009,3,0.083
27011,9,0.074
27013,3,0.055
27015,6,0.065
27017,2,0.06
27019,1,0.039
27021,9,0.078
27023,7,0.106
27025,1,0.054
27027,3,0.051
27029,8,0.139
27031,9,0.029
27033,7,0.106
27035,4,0.059
27037,1,0.049
27039,3,0.051
27041,6,0.049
27043,6,0.074
27045,3,0.09
27047,7,0.112
27049,4,0.056
27051,9,0.071
27053,1,0.067
27055,3,0.049
27057,7,0.07
27059,1,0.075
27061,6,0.06
27063,7,0.073
27065,6,0.098
27067,4,0.11
27069,9,0.055
27071,6,0.081
27073,9,0.067
27075,6,0.053
27077,9,0.07
27079,1,0.061
27081,9,0.081
27083,7,0.08
27085,6,0.069
27087,8,0.131
27089,8,0.1
27091,7,0.068
27093,6,0.074
27095,1,0.102
27097,6,0.093
27099,4,0.124
27101,9,0.098
27103,3,0.06
27105,7,0.237
27107,8,0.081
27109,3,0.054
27111,6,0.079
27113,6,0.068
27115,6,0.096
27117,6,0.104
27119,3,0.081
27121,8,0.06
27123,1,0.097
27125,8,0.074
27127,7,0.091
27129,8,0.095
27131,4,0.089
27133,6,0.067
27135,7,0.071
27137,2,0.055
27139,1,0.053
27141,1,0.054
27143,1,0.093
27145,3,0.083
27147,5,0.075
27149,7,0.06
27151,7,0.094
27153,6,0.13
27155,9,0.067
27157,3,0.066
27159,7,0.094
27161,6,0.07
27163,1,0.039
27165,6,0.155
27167,6,0.051
27169,4,0.065
27171,1,0.051
27173,9,0.087
28000,,0.155
28001,5,0.221
28003,7,0.187
28005,8,0.181
28007,6,0.224
28009,1,0.274
28011,7,0.222
28013,9,0.225
28015,9,0.198
28017,7,0.246
28019,9,0.195
28021,8,0.197
28023,9,0.171
28025,7,0.183
28027,7,0.205
28029,2,0.198
28031,8,0.168
28033,1,0.096
28035,3,0.126
28037,9,0.154
28039,6,0.157
28041,8,0.238
28043,7,0.192
28045,2,0.125
28047,2,0.117
28049,2,0.125
28051,6,0.232
28053,6,0.301
28055,8,0.395
28057,7,0.209
28059,2,0.113
28061,9,0.158
28063,8,0.22
28065,8,0.176
28067,4,0.159
28069,9,0.179
28071,4,0.096
28073,3,0.106
28075,5,0.155
28077,8,0.183
28079,6,0.214
28081,5,0.164
28083,5,0.184
28085,6,0.137
28087,5,0.14
28089,2,0.083
28091,6,0.185
28093,1,0.179
28095,7,0.19
28097,7,0.221
28099,7,0.197
28101,7,0.148
28103,7,0.291
28105,5,0.093
28107,6,0.194
28109,6,0.162
28111,3,0.17
28113,6,0.168
28115,7,0.235
28117,7,0.199
28119,6,0.287
28121,2,0.105
28123,6,0.26
28125,8,0.225
28127,2,0.203
28129,8,0.208
28131,6,0.178
28133,7,0.251
28135,7,0.305
28137,1,0.17
28139,6,0.201
28141,8,0.196
28143,1,0.165
28145,6,0.219
28147,9,0.183
28149,4,0.129
28151,5,0.212
28153,7,0.207
28155,9,0.151
28157,8,0.252
28159,7,0.183
28161,7,0.167
28163,2,0.211
29000,,0.101
29001,7,0.099
29003,3,0.083
29005,9,0.085
29007,6,0.138
29009,6,0.164
29011,6,0.128
29013,1,0.126
29015,7,0.155
29017,3,0.202
29019,3,0.055
29021,3,0.117
29023,5,0.17
29025,1,0.102
29027,3,0.138
29029,7,0.096
29031,3,0.09
29033,6,0.142
29035,9,0.152
29037,1,0.076
29039,6,0.123
29041,9,0.093
29043,2,0.08
29045,9,0.137
29047,1,0.067
29049,1,0.08
29051,3,0.077
29053,6,0.113
29055,6,0.221
29057,8,0.128
29059,2,0.166
29061,8,0.15
29063,3,0.127
29065,7,0.168
29067,6,0.179
29069,7,0.237
29071,1,0.116
29073,6,0.122
29075,8,0.108
29077,2,0.082
29079,7,0.135
29081,7,0.118
29083,6,0.122
29085,8,0.157
29087,8,0.089
29089,6,0.121
29091,7,0.13
29093,7,0.185
29095,1,0.094
29097,3,0.133
29099,1,0.109
29101,4,0.075
29103,9,0.131
29105,6,0.148
29107,1,0.094
29109,6,0.153
29111,9,0.115
29113,1,0.105
29115,7,0.106
29117,6,0.133
29119,2,0.224
29121,7,0.118
29123,6,0.156
29125,8,0.135
29127,5,0.12
29129,9,0.116
29131,6,0.127
29133,6,0.243
29135,3,0.146
29137,9,0.107
29139,6,0.148
29141,8,0.219
29143,7,0.213
29145,3,0.129
29147,6,0.077
29149,9,0.169
29151,3,0.101
29153,9,0.177
29155,7,0.222
29157,6,0.123
29159,4,0.135
29161,5,0.117
29163,6,0.158
29165,1,0.042
29167,2,0.116
29169,5,0.072
29171,9,0.095
29173,9,0.103
29175,6,0.131
29177,1,0.119
29179,9,0.202
29181,9,0.201
29183,1,0.052
29185,8,0.155
29186,6,0.106
29187,4,0.152
29189,1,0.065
29195,6,0.16
29197,9,0.124
29199,9,0.201
29201,4,0.15
29203,9,0.2
29205,9,0.093
29207,6,0.191
29209,6,0.128
29211,9,0.157
29213,4,0.111
29215,9,0.164
29217,7,0.117
29219,1,0.113
29221,6,0.231
29223,9,0.238
29225,2,0.139
29227,9,0.102
29229,6,0.196
29510,1,0.122
30000,,0.064
30001,7,0.049
30003,6,0.105
30005,9,0.101
30007,9,0.068
30009,3,0.058
30011,9,0.075
30013,3,0.082
30015,8,0.074
30017,7,0.08
30019,9,0.047
30021,7,0.07
30023,7,0.089
30025,9,0.054
30027,7,0.073
30029,5,0.053
30031,5,0.032
30033,9,0.027
30035,7,0.104
30037,3,0.08
30039,8,0.078
30041,7,0.093
30043,9,0.057
30045,8,0.056
30047,6,0.082
30049,5,0.044
30051,9,0.298
30053,7,0.104
30055,9,0.075
30057,9,0.046
30059,9,0.048
30061,8,0.111
30063,3,0.044
30065,8,0.085
30067,7,0.055
30069,9,0.011
30071,9,0.091
30073,7,0.07
30075,9,0.059
30077,6,0.106
30079,9,0.12
30081,6,0.084
30083,7,0.077
30085,7,0.125
30087,9,0.1
30089,8,0.112
30091,9,0.081
30093,5,0.075
30095,8,0.06
30097,9,0.054
30099,8,0.08
30101,7,0.112
30103,8,0.102
30105,7,0.061
30107,9,0.182
30109,9,0.113
30111,3,0.059
30113,,0
31000,,0.086
31001,4,0.1
31003,9,0.07
31005,9,0.063
31007,9,0.03
31009,9,0.05
31011,9,0.051
31013,7,0.093
31015,9,0.04
31017,9,0.049
31019,4,0.069
31021,8,0.087
31023,6,0.07
31025,2,0.056
31027,9,0.075
31029,9,0.119
31031,7,0.05
31033,7,0.064
31035,8,0.085
31037,7,0.307
31039,7,0.116
31041,7,0.066
31043,3,0.235
31045,7,0.039
31047,7,0.22
31049,9,0.108
31051,3,0.121
31053,4,0.111
31055,2,0.094
31057,9,0.169
31059,8,0.079
31061,9,0.075
31063,9,0.041
31065,9,0.113
31067,6,0.1
31069,9,0.059
31071,9,0.037
31073,9,0.07
31075,9,0.03
31077,8,0.061
31079,3,0.154
31081,3,0.049
31083,9,0.07
31085,9,0.098
31087,9,0.079
31089,7,0.065
31091,9,0.065
31093,3,0.051
31095,7,0.089
31097,8,0.137
31099,7,0.036
31101,7,0.085
31103,9,0.049
31105,8,0.113
31107,9,0.079
31109,2,0.063
31111,5,0.065
31113,9,0.06
31115,9,0.019
31117,9,0.108
31119,5,0.096
31121,3,0.058
31123,9,0.125
31125,8,0.068
31127,7,0.082
31129,9,0.081
31131,6,0.072
31133,9,0.124
31135,9,0.12
31137,7,0.067
31139,9,0.046
31141,5,0.111
31143,9,0.086
31145,7,0.075
31147,7,0.078
31149,9,0.033
31151,6,0.165
31153,2,0.045
31155,2,0.068
31157,5,0.12
31159,2,0.06
31161,9,0.094
31163,8,0.07
31165,9,0.068
31167,9,0.063
31169,9,0.076
31171,9,0.061
31173,8,0.109
31175,9,0.077
31177,2,0.044
31179,6,0.04
31181,9,0.062
31183,9,0.044
31185,6,0.064
32000,,0.133
32001,6,0.084
32003,1,0.139
32005,4,0.068
32007,5,0.137
32009,9,0.117
32011,9,0.054
32013,7,0.176
32015,7,0.117
32017,8,0.138
32019,4,0.131
32021,7,0.11
32023,4,0.139
32027,9,0.191
32029,2,0.064
32031,2,0.114
32033,7,0.119
32510,3,0.13
33000,,0.069
33001,4,0.068
33003,6,0.058
33005,4,0.066
33007,7,0.122
33009,5,0.072
33011,2,0.079
33013,4,0.068
33015,1,0.049
33017,1,0.072
33019,7,0.088
34000,,0.102
34001,2,0.13
34003,1,0.075
34005,1,0.063
34007,1,0.113
34009,3,0.075
34011,3,0.206
34013,1,0.139
34015,1,0.071
34017,1,0.152
34019,1,0.05
34021,2,0.115
34023,1,0.102
34025,1,0.066
34027,1,0.055
34029,1,0.08
34031,1,0.163
34033,1,0.112
34035,1,0.055
34037,1,0.051
34039,1,0.136
34041,2,0.085
35000,,0.144
35001,2,0.111
35003,9,0.059
35005,5,0.218
35006,6,0.17
35007,7,0.118
35009,5,0.181
35011,9,0.157
35013,3,0.206
35015,5,0.156
35017,7,0.125
35019,7,0.173
35021,9,0.146
35023,9,0.177
35025,5,0.257
35027,7,0.105
35028,6,0.024
35029,6,0.302
35031,5,0.228
35033,9,0.108
35035,4,0.166
35037,7,0.181
35039,4,0.136
35041,7,0.2
35043,2,0.101
35045,3,0.151
35047,6,0.167
35049,3,0.107
35051,6,0.16
35053,6,0.182
35055,7,0.099
35057,2,0.154
35059,9,0.181
35061,2,0.155
36000,,0.132
36001,2,0.079
36003,7,0.092
36005,1,0.272
36007,2,0.093
36009,4,0.112
36011,4,0.122
36013,4,0.112
36015,3,0.097
36017,6,0.119
36019,5,0.124
36021,6,0.097
36023,4,0.093
36025,6,0.111
36027,1,0.089
36029,1,0.082
36031,6,0.085
36033,7,0.126
36035,4,0.127
36037,4,0.078
36039,6,0.133
36041,8,0.225
36043,2,0.102
36045,3,0.09
36047,1,0.176
36049,6,0.099
36051,1,0.094
36053,2,0.08
36055,1,0.096
36057,4,0.132
36059,1,0.086
36061,1,0.127
36063,1,0.088
36065,2,0.115
36067,2,0.09
36069,1,0.061
36071,1,0.103
36073,1,0.123
36075,2,0.118
36077,7,0.083
36079,1,0.07
36081,1,0.18
36083,2,0.081
36085,1,0.113
36087,1,0.118
36089,4,0.113
36091,2,0.06
36093,2,0.093
36095,2,0.103
36097,6,0.096
36099,6,0.152
36101,4,0.095
36103,1,0.094
36105,4,0.133
36107,2,0.088
36109,3,0.056
36111,3,0.093
36113,3,0.081
36115,3,0.121
36117,1,0.108
36119,1,0.119
36121,6,0.101
36123,1,0.136
37000,,0.122
37001,3,0.137
37003,2,0.176
37005,9,0.225
37007,6,0.193
37009,7,0.149
37011,8,0.164
37013,6,0.123
37015,7,0.216
37017,6,0.187
37019,2,0.087
37021,2,0.089
37023,2,0.184
37025,1,0.101
37027,2,0.2
37029,8,0.135
37031,4,0.084
37033,8,0.196
37035,2,0.141
37037,2,0.111
37039,9,0.128
37041,6,0.132
37043,9,0.118
37045,4,0.158
37047,6,0.17
37049,3,0.112
37051,2,0.09
37053,1,0.095
37055,4,0.058
37057,2,0.161
37059,2,0.122
37061,6,0.24
37063,2,0.116
37065,3,0.189
37067,2,0.108
37069,1,0.138
37071,1,0.152
37073,1,0.109
37075,9,0.181
37077,4,0.157
37079,8,0.25
37081,2,0.109
37083,4,0.214
37085,4,0.125
37087,2,0.12
37089,2,0.101
37091,6,0.192
37093,2,0.129
37095,9,0.192
37097,1,0.107
37099,6,0.106
37101,1,0.131
37103,3,0.189
37105,4,0.165
37107,4,0.203
37109,1,0.121
37111,6,0.161
37113,7,0.107
37115,2,0.13
37117,6,0.166
37119,1,0.097
37121,7,0.148
37123,6,0.205
37125,4,0.093
37127,3,0.144
37129,2,0.068
37131,9,0.196
37133,3,0.085
37135,2,0.073
37137,3,0.12
37139,4,0.13
37141,2,0.122
37143,8,0.131
37145,2,0.135
37147,3,0.107
37149,8,0.092
37151,2,0.185
37153,5,0.191
37155,4,0.227
37157,2,0.173
37159,1,0.144
37161,4,0.162
37163,6,0.207
37165,6,0.198
37167,6,0.147
37169,2,0.162
37171,4,0.205
37173,8,0.202
37175,6,0.11
37177,9,0.26
37179,1,0.104
37181,4,0.196
37183,1,0.07
37185,8,0.184
37187,7,0.163
37189,5,0.092
37191,3,0.155
37193,6,0.199
37195,4,0.197
37197,2,0.177
37199,8,0.155
38000,,0.074
38001,9,0.055
38003,6,0.077
38005,9,0.137
38007,9,0.105
38009,9,0.083
38011,9,0.109
38013,9,0.074
38015,3,0.057
38017,3,0.052
38019,9,0.081
38021,9,0.087
38023,9,0.067
38025,9,0.089
38027,9,0.106
38029,8,0.127
38031,9,0.097
38033,9,0.071
38035,3,0.049
38037,8,0.099
38039,9,0.107
38041,9,0.129
38043,8,0.092
38045,9,0.138
38047,9,0.12
38049,9,0.092
38051,9,0.182
38053,9,0.093
38055,8,0.076
38057,7,0.086
38059,3,0.081
38061,9,0.076
38063,8,0.082
38065,3,0.087
38067,9,0.104
38069,7,0.067
38071,7,0.081
38073,8,0.09
38075,9,0.047
38077,6,0.093
38079,9,0.125
38081,9,0.081
38083,9,0.125
38085,3,0.163
38087,9,0.099
38089,7,0.095
38091,8,0.037
38093,7,0.091
38095,9,0.086
38097,8,0.066
38099,6,0.146
38101,5,0.063
38103,9,0.13
38105,7,0.095
39000,,0.096
39001,6,0.198
39003,3,0.097
39005,4,0.115
39007,4,0.14
39009,4,0.1
39011,4,0.073
39013,3,0.098
39015,1,0.121
39017,1,0.094
39019,2,0.105
39021,6,0.088
39023,3,0.113
39025,1,0.098
39027,6,0.117
39029,4,0.115
39031,6,0.145
39033,4,0.098
39035,1,0.102
39037,6,0.092
39039,4,0.088
39041,1,0.036
39043,4,0.082
39045,1,0.074
39047,6,0.143
39049,1,0.088
39051,2,0.087
39053,6,0.16
39055,1,0.098
39057,2,0.062
39059,6,0.145
39061,1,0.086
39063,4,0.075
39065,6,0.105
39067,6,0.132
39069,6,0.065
39071,6,0.149
39073,1,0.109
39075,7,0.431
39077,4,0.115
39079,7,0.165
39081,3,0.09
39083,4,0.087
39085,1,0.077
39087,2,0.125
39089,1,0.085
39091,6,0.074
39093,1,0.103
39095,2,0.107
39097,1,0.13
39099,2,0.091
39101,4,0.121
39103,1,0.049
39105,6,0.164
39107,7,0.079
39109,2,0.088
39111,8,0.109
39113,2,0.099
39115,6,0.147
39117,1,0.123
39119,4,0.122
39121,7,0.153
39123,4,0.083
39125,6,0.095
39127,1,0.127
39129,1,0.128
39131,7,0.198
39133,2,0.076
39135,6,0.096
39137,6,0.072
39139,3,0.131
39141,4,0.124
39143,4,0.096
39145,4,0.151
39147,4,0.083
39149,4,0.098
39151,2,0.084
39153,2,0.083
39155,2,0.106
39157,4,0.14
39159,1,0.066
39161,6,0.087
39163,8,0.193
39165,1,0.062
39167,4,0.094
39169,4,0.135
39171,6,0.095
39173,2,0.057
39175,7,0.081
40000,,0.12
40001,6,0.192
40003,9,0.148
40005,9,0.168
40007,9,0.162
40009,7,0.145
40011,6,0.173
40013,6,0.136
40015,6,0.145
40017,1,0.086
40019,5,0.12
40021,6,0.135
40023,7,0.178
40025,9,0.169
40027,1,0.082
40029,9,0.173
40031,3,0.1
40033,3,0.155
40035,6,0.132
40037,2,0.126
40039,7,0.123
40041,6,0.151
40043,9,0.062
40045,9,0.142
40047,5,0.121
40049,6,0.137
40051,1,0.099
40053,9,0.093
40055,7,0.161
40057,9,0.203
40059,9,0.182
40061,6,0.153
40063,7,0.178
40065,7,0.149
40067,8,0.168
40069,9,0.14
40071,5,0.132
40073,6,0.117
40075,6,0.153
40077,7,0.122
40079,2,0.165
40081,1,0.128
40083,1,0.099
40085,9,0.176
40087,1,0.099
40089,7,0.171
40091,6,0.142
40093,9,0.114
40095,6,0.209
40097,6,0.135
40099,7,0.158
40101,4,0.147
40103,6,0.095
40105,6,0.111
40107,6,0.205
40109,1,0.126
40111,2,0.137
40113,2,0.117
40115,6,0.147
40117,2,0.112
40119,4,0.078
40121,5,0.13
40123,7,0.108
40125,4,0.12
40127,9,0.168
40129,9,0.116
40131,2,0.08
40133,7,0.157
40135,2,0.187
40137,4,0.127
40139,7,0.277
40141,6,0.225
40143,2,0.106
40145,2,0.094
40147,4,0.096
40149,7,0.099
40151,7,0.102
40153,7,0.123
41000,,0.093
41001,7,0.09
41003,3,0.041
41005,1,0.066
41007,4,0.079
41009,1,0.087
41011,5,0.112
41013,6,0.1
41015,7,0.097
41017,3,0.063
41019,4,0.104
41021,9,0.1
41023,9,0.112
41025,7,0.084
41027,6,0.187
41029,3,0.099
41031,6,0.13
41033,3,0.096
41035,5,0.119
41037,7,0.135
41039,2,0.081
41041,5,0.085
41043,3,0.105
41045,6,0.189
41047,2,0.148
41049,6,0.242
41051,1,0.085
41053,2,0.091
41055,9,0.107
41057,6,0.104
41059,4,0.176
41061,7,0.073
41063,9,0.069
41065,6,0.136
41067,1,0.078
41069,9,0.084
41071,1,0.111
42000,,0.095
42001,3,0.112
42003,1,0.054
42005,1,0.097
42007,1,0.069
42009,6,0.121
42011,2,0.133
42013,3,0.086
42015,6,0.099
42017,1,0.061
42019,1,0.051
42021,3,0.08
42023,7,0.093
42025,2,0.106
42027,3,0.057
42029,1,0.064
42031,6,0.099
42033,4,0.128
42035,4,0.107
42037,3,0.097
42039,4,0.11
42041,2,0.077
42043,2,0.102
42045,1,0.069
42047,7,0.077
42049,2,0.087
42051,1,0.116
42053,9,0.17
42055,3,0.117
42057,8,0.122
42059,6,0.125
42061,6,0.105
42063,4,0.1
42065,7,0.107
42067,6,0.167
42069,2,0.09
42071,2,0.15
42073,4,0.092
42075,3,0.128
42077,2,0.11
42079,2,0.102
42081,3,0.099
42083,7,0.082
42085,2,0.101
42087,4,0.15
42089,3,0.104
42091,1,0.056
42093,3,0.094
42095,2,0.091
42097,4,0.12
42099,2,0.126
42101,1,0.153
42103,1,0.07
42105,9,0.12
42107,4,0.107
42109,7,0.134
42111,4,0.118
42113,8,0.104
42115,6,0.102
42117,6,0.096
42119,4,0.132
42121,4,0.098
42123,6,0.071
42125,1,0.069
42127,6,0.104
42129,1,0.056
42131,2,0.078
42133,2,0.101
44000,,0.112
44001,1,0.091
44003,1,0.078
44005,1,0.06
44007,1,0.142
44009,1,0.051
45000,,0.125
45001,6,0.183
45003,2,0.12
45005,6,0.202
45007,2,0.147
45009,7,0.197
45011,6,0.202
45013,3,0.072
45015,2,0.106
45017,2,0.138
45019,2,0.083
45021,4,0.197
45023,1,0.179
45025,6,0.233
45027,6,0.215
45029,6,0.134
45031,3,0.176
45033,6,0.247
45035,2,0.103
45037,2,0.171
45039,2,0.138
45041,3,0.15
45043,4,0.128
45045,2,0.12
45047,4,0.148
45049,6,0.19
45051,2,0.104
45053,3,0.182
45055,2,0.122
45057,1,0.141
45059,2,0.191
45061,6,0.185
45063,2,0.104
45065,8,0.166
45067,6,0.211
45069,6,0.228
45071,6,0.18
45073,4,0.151
45075,4,0.141
45077,2,0.147
45079,2,0.085
45081,2,0.218
45083,2,0.143
45085,3,0.145
45087,2,0.188
45089,6,0.199
45091,1,0.092
46000,,0.083
46003,9,0.13
46005,7,0.157
46007,9,0.196
46009,9,0.126
46011,5,0.05
46013,5,0.07
46015,9,0.111
46017,9,0.219
46019,6,0.09
46021,9,0.1
46023,9,0.115
46025,9,0.088
46027,6,0.05
46029,5,0.085
46031,9,0.162
46033,3,0.064
46035,7,0.079
46037,9,0.105
46039,9,0.089
46041,9,0.146
46043,9,0.115
46045,9,0.069
46047,6,0.056
46049,9,0.067
46051,7,0.093
46053,9,0.106
46055,8,0.061
46057,9,0.082
46059,9,0.061
46061,8,0.078
46063,9,0.093
46065,7,0.078
46067,8,0.123
46069,9,0.074
46071,8,0.176
46073,9,0.106
46075,9,0.047
46077,9,0.093
46079,6,0.091
46081,6,0.065
46083,3,0.052
46085,9,0.103
46087,3,0.113
46089,9,0.176
46091,9,0.079
46093,3,0.056
46095,9,0.184
46097,8,0.102
46099,3,0.075
46101,8,0.096
46102,6,0.261
46103,3,0.065
46105,8,0.076
46107,9,0.072
46109,9,0.104
46111,9,0.066
46115,9,0.089
46117,9,0.051
46119,9,0.044
46121,9,0.201
46123,7,0.091
46125,3,0.08
46127,3,0.074
46129,7,0.1
46135,7,0.091
46137,8,0.159
47000,,0.125
47001,2,0.13
47003,4,0.179
47005,7,0.176
47007,8,0.244
47009,2,0.109
47011,3,0.147
47013,2,0.227
47015,1,0.155
47017,6,0.159
47019,3,0.165
47021,1,0.13
47023,3,0.148
47025,6,0.199
47027,9,0.197
47029,6,0.199
47031,4,0.146
47033,3,0.188
47035,4,0.142
47037,1,0.109
47039,9,0.141
47041,6,0.199
47043,1,0.163
47045,5,0.161
47047,1,0.138
47049,9,0.17
47051,6,0.125
47053,4,0.147
47055,6,0.142
47057,2,0.214
47059,4,0.153
47061,8,0.256
47063,3,0.187
47065,2,0.105
47067,8,0.229
47069,6,0.204
47071,6,0.185
47073,2,0.156
47075,6,0.18
47077,6,0.173
47079,7,0.141
47081,1,0.214
47083,8,0.228
47085,6,0.151
47087,8,0.218
47089,3,0.147
47091,6,0.202
47093,2,0.083
47095,9,0.271
47097,6,0.229
47099,6,0.166
47101,6,0.157
47103,6,0.165
47105,2,0.138
47107,4,0.155
47109,6,0.174
47111,1,0.197
47113,3,0.111
47115,2,0.185
47117,6,0.146
47119,1,0.098
47121,8,0.162
47123,6,0.176
47125,2,0.071
47127,9,0.141
47129,2,0.197
47131,7,0.165
47133,7,0.194
47135,8,0.251
47137,9,0.256
47139,3,0.176
47141,4,0.134
47143,6,0.192
47145,2,0.111
47147,1,0.128
47149,1,0.082
47151,6,0.202
47153,2,0.184
47155,4,0.15
47157,1,0.116
47159,1,0.147
47161,8,0.128
47163,2,0.128
47165,1,0.103
47167,1,0.122
47169,1,0.156
47171,3,0.15
47173,2,0.229
47175,9,0.21
47177,6,0.205
47179,3,0.112
47181,8,0.198
47183,7,0.149
47185,7,0.168
47187,1,0.047
47189,1,0.084
48000,,0.163
48001,7,0.187
48003,6,0.277
48005,5,0.181
48007,2,0.155
48009,3,0.097
48011,2,0.131
48013,1,0.229
48015,1,0.16
48017,7,0.231
48019,1,0.107
48021,1,0.181
48023,8,0.145
48025,6,0.246
48027,2,0.09
48029,1,0.158
48031,8,0.099
48033,8,0.053
48035,6,0.135
48037,3,0.112
48039,1,0.121
48041,3,0.128
48043,7,0.143
48045,9,0.139
48047,7,0.312
48049,5,0.128
48051,3,0.175
48053,6,0.117
48055,1,0.218
48057,6,0.207
48059,3,0.118
48061,2,0.321
48063,6,0.128
48065,2,0.067
48067,6,0.141
48069,6,0.259
48071,1,0.115
48073,6,0.21
48075,7,0.18
48077,3,0.095
48079,9,0.323
48081,8,0.163
48083,6,0.135
48085,1,0.062
48087,9,0.261
48089,6,0.169
48091,1,0.074
48093,7,0.155
48095,8,0.321
48097,6,0.139
48099,2,0.12
48101,9,0.238
48103,6,0.205
48105,7,0.23
48107,2,0.24
48109,9,0.337
48111,7,0.296
48113,1,0.207
48115,7,0.301
48117,6,0.262
48119,8,0.122
48121,1,0.075
48123,6,0.192
48125,8,0.156
48127,6,0.336
48129,8,0.113
48131,7,0.314
48133,6,0.156
48135,3,0.24
48137,9,0.279
48139,1,0.138
48141,2,0.215
48143,4,0.117
48145,2,0.231
48147,6,0.145
48149,6,0.139
48151,8,0.139
48153,6,0.258
48155,9,0.181
48157,1,0.094
48159,7,0.087
48161,7,0.174
48163,6,0.338
48165,7,0.382
48167,1,0.11
48169,6,0.384
48171,7,0.11
48173,8,0.306
48175,3,0.17
48177,6,0.233
48179,6,0.198
48181,3,0.113
48183,3,0.159
48185,6,0.194
48187,1,0.113
48189,4,0.234
48191,9,0.204
48193,6,0.16
48195,7,0.322
48197,9,0.211
48199,2,0.12
48201,1,0.186
48203,4,0.147
48205,7,0.174
48207,6,0.297
48209,1,0.099
48211,7,0.179
48213,4,0.165
48215,2,0.343
48217,6,0.165
48219,6,0.238
48221,1,0.106
48223,6,0.151
48225,7,0.188
48227,4,0.2
48229,2,0.445
48231,1,0.155
48233,6,0.14
48235,3,0.068
48237,6,0.18
48239,6,0.176
48241,6,0.15
48243,9,0.211
48245,2,0.158
48247,6,0.255
48249,4,0.251
48251,1,0.143
48253,3,0.216
48255,6,0.243
48257,1,0.142
48259,1,0.072
48261,9,0.736
48263,9,0.142
48265,4,0.114
48267,7,0.149
48269,9,0.203
48271,7,0.215
48273,4,0.216
48275,9,0.181
48277,5,0.157
48279,6,0.251
48281,2,0.09
48283,6,0.364
48285,6,0.144
48287,6,0.154
48289,8,0.182
48291,1,0.227
48293,6,0.189
48295,9,0.179
48297,8,0.231
48299,7,0.142
48301,9,0.197
48303,2,0.138
48305,2,0.246
48307,7,0.232
48309,2,0.151
48311,9,0.073
48313,6,0.192
48315,8,0.148
48317,3,0.226
48319,9,0.123
48321,4,0.194
48323,5,0.405
48325,1,0.168
48327,9,0.221
48329,3,0.155
48331,6,0.186
48333,9,0.17
48335,7,0.213
48337,6,0.143
48339,1,0.123
48341,7,0.327
48343,6,0.114
48345,9,0.125
48347,5,0.171
48349,4,0.216
48351,2,0.166
48353,6,0.177
48355,2,0.172
48357,7,0.256
48359,2,0.097
48361,2,0.121
48363,6,0.158
48365,6,0.171
48367,1,0.114
48369,7,0.292
48371,7,0.309
48373,6,0.184
48375,2,0.23
48377,7,0.466
48379,8,0.146
48381,2,0.077
48383,6,0.178
48385,9,0.167
48387,6,0.146
48389,7,0.303
48391,6,0.197
48393,9,0.073
48395,3,0.155
48397,1,0.073
48399,6,0.208
48401,3,0.194
48403,8,0.153
48405,9,0.177
48407,8,0.155
48409,2,0.201
48411,7,0.252
48413,8,0.204
48415,7,0.213
48417,8,0.136
48419,7,0.236
48421,9,0.21
48423,3,0.142
48425,1,0.104
48427,4,0.467
48429,7,0.215
48431,8,0.106
48433,9,0.187
48435,7,0.261
48437,6,0.267
48439,1,0.139
48441,3,0.107
48443,9,0.135
48445,6,0.316
48447,9,0.134
48449,7,0.233
48451,3,0.137
48453,1,0.107
48455,7,0.169
48457,6,0.18
48459,3,0.142
48461,8,0.244
48463,6,0.242
48465,5,0.318
48467,6,0.154
48469,3,0.162
48471,4,0.14
48473,1,0.175
48475,6,0.214
48477,6,0.133
48479,2,0.324
48481,4,0.217
48483,9,0.198
48485,3,0.134
48487,6,0.228
48489,6,0.343
48491,1,0.068
48493,1,0.124
48495,6,0.308
48497,1,0.147
48499,6,0.153
48501,7,0.365
48503,7,0.17
48505,6,0.381
48507,7,0.331
49000,,0.077
49001,7,0.111
49003,2,0.069
49005,3,0.069
49007,7,0.084
49009,9,0.06
49011,2,0.044
49013,7,0.112
49015,7,0.062
49017,9,0.073
49019,7,0.067
49021,4,0.071
49023,2,0.089
49025,6,0.075
49027,7,0.119
49029,2,0.019
49031,9,0.09
49033,8,0.043
49035,1,0.092
49037,7,0.151
49039,6,0.098
49041,7,0.094
49043,4,0.051
49045,1,0.087
49047,7,0.143
49049,2,0.054
49051,6,0.054
49053,3,0.071
49055,9,0.116
49057,2,0.094
50000,,0.073
50001,6,0.065
50003,6,0.088
50005,7,0.087
50007,3,0.056
50009,9,0.132
50011,3,0.093
50013,3,0.071
50015,8,0.072
50017,9,0.082
50019,7,0.117
50021,4,0.074
50023,4,0.063
50025,7,0.076
50027,7,0.066
51000,,0.103
51001,8,0.185
51003,3,0.079
51005,6,0.14
51007,1,0.161
51009,2,0.144
51011,2,0.141
51013,1,0.057
51015,3,0.126
51017,8,0.097
51019,2,0.1
51021,8,0.114
51023,2,0.072
51025,6,0.215
51027,9,0.299
51029,3,0.202
51031,2,0.128
51033,1,0.149
51035,7,0.192
51036,1,0.203
51037,8,0.168
51041,1,0.077
51043,1,0.109
51045,2,0.092
51047,1,0.139
51049,8,0.165
51051,9,0.226
51053,1,0.168
51057,6,0.177
51059,1,0.075
51061,1,0.075
51063,3,0.13
51065,3,0.089
51067,2,0.119
51069,3,0.108
51071,3,0.111
51073,1,0.104
51075,1,0.086
51077,9,0.187
51079,3,0.139
51081,6,0.222
51083,6,0.185
51085,1,0.069
51087,1,0.083
51089,4,0.199
51091,8,0.115
51093,1,0.121
51095,1,0.049
51097,8,0.119
51099,6,0.067
51101,1,0.079
51103,9,0.096
51105,8,0.233
51107,1,0.061
51109,8,0.148
51111,9,0.222
51113,8,0.139
51115,1,0.095
51117,7,0.181
51119,8,0.129
51121,3,0.068
51125,3,0.143
51127,1,0.073
51131,8,0.175
51133,9,0.09
51135,6,0.203
51137,6,0.113
51139,6,0.174
51141,8,0.198
51143,4,0.173
51145,1,0.101
51147,6,0.14
51149,1,0.094
51153,1,0.115
51155,3,0.126
51157,1,0.116
51159,9,0.194
51161,2,0.077
51163,6,0.132
51165,3,0.16
51167,7,0.197
51169,2,0.186
51171,6,0.13
51173,7,0.167
51175,6,0.152
51177,1,0.088
51179,1,0.068
51181,8,0.15
51183,1,0.197
51185,5,0.183
51187,1,0.131
51191,2,0.143
51193,6,0.155
51195,7,0.241
51197,6,0.138
51199,1,0.053
51510,1,0.07
51515,2,0
51520,2,0.153
51530,6,0.189
51540,3,0.089
51550,1,0.079
51560,,0
51570,1,0.085
51580,6,0.127
51590,4,0.182
51595,6,0.206
51600,1,0.06
51610,1,0.011
51620,6,0.137
51630,1,0.098
51640,7,0.243
51650,1,0.086
51660,3,0.161
51670,1,0.187
51678,6,0.086
51680,2,0.113
51683,1,0.173
51685,1,0.173
51690,4,0.172
51700,1,0.09
51710,1,0.12
51720,7,0.16
51730,1,0.172
51735,1,0.051
51740,1,0.117
51750,3,0.088
51760,1,0.146
51770,2,0.138
51775,2,0.108
51790,3,0.103
51800,1,0.101
51810,1,0.065
51820,3,0.139
51830,1,0.053
51840,3,0.159
53000,,0.087
53001,6,0.331
53003,3,0.086
53005,2,0.098
53007,3,0.174
53009,5,0.075
53011,1,0.073
53013,3,0.088
53015,3,0.107
53017,3,0.179
53019,9,0.13
53021,2,0.25
53023,8,0.056
53025,5,0.233
53027,4,0.103
53029,4,0.047
53031,6,0.049
53033,1,0.069
53035,2,0.052
53037,4,0.086
53039,6,0.12
53041,4,0.125
53043,8,0.073
53045,4,0.114
53047,6,0.161
53049,7,0.117
53051,2,0.089
53053,1,0.085
53055,9,0.041
53057,3,0.098
53059,1,0.084
53061,1,0.077
53063,2,0.062
53065,2,0.094
53067,2,0.063
53069,8,0.079
53071,3,0.117
53073,3,0.072
53075,4,0.045
53077,3,0.263
54000,,0.131
54001,6,0.147
54003,2,0.11
54005,3,0.203
54007,8,0.196
54009,3,0.094
54011,2,0.12
54013,8,0.195
54015,3,0.227
54017,9,0.18
54019,3,0.172
54021,7,0.15
54023,7,0.179
54025,6,0.14
54027,3,0.157
54029,3,0.096
54031,6,0.197
54033,5,0.112
54035,6,0.117
54037,1,0.102
54039,3,0.113
54041,7,0.116
54043,2,0.191
54045,6,0.202
54047,7,0.314
54049,4,0.106
54051,3,0.077
54053,6,0.14
54055,4,0.165
54057,3,0.078
54059,7,0.245
54061,3,0.076
54063,8,0.155
54065,8,0.141
54067,6,0.131
54069,3,0.065
54071,8,0.186
54073,6,0.109
54075,9,0.174
54077,3,0.132
54079,2,0.083
54081,3,0.135
54083,7,0.145
54085,8,0.154
54087,6,0.209
54089,6,0.15
54091,6,0.107
54093,8,0.122
54095,9,0.108
54097,7,0.146
54099,2,0.203
54101,9,0.207
54103,6,0.138
54105,3,0.171
54107,3,0.101
54109,6,0.198
55000,,0.078
55001,8,0.125
55003,7,0.078
55005,6,0.098
55007,8,0.049
55009,2,0.079
55011,8,0.091
55013,8,0.068
55015,3,0.058
55017,3,0.072
55019,6,0.177
55021,2,0.073
55023,7,0.087
55025,2,0.042
55027,4,0.092
55029,6,0.056
55031,2,0.063
55033,6,0.063
55035,3,0.059
55037,9,0.069
55039,3,0.082
55041,9,0.112
55043,6,0.077
55045,2,0.076
55047,6,0.102
55049,2,0.048
55051,9,0.055
55053,6,0.101
55055,4,0.082
55057,7,0.116
55059,1,0.099
55061,2,0.069
55063,3,0.05
55065,8,0.092
55067,6,0.097
55069,6,0.08
55071,4,0.08
55073,3,0.082
55075,6,0.089
55077,8,0.109
55078,8,0.081
55079,1,0.117
55081,6,0.091
55083,2,0.096
55085,7,0.069
55087,3,0.059
55089,1,0.032
55091,8,0.09
55093,1,0.049
55095,6,0.062
55097,4,0.061
55099,9,0.082
55101,3,0.095
55103,6,0.099
55105,3,0.092
55107,6,0.12
55109,1,0.038
55111,4,0.091
55113,7,0.077
55115,6,0.086
55117,3,0.068
55119,6,0.116
55121,6,0.093
55123,6,0.106
55125,9,0.063
55127,4,0.092
55129,7,0.078
55131,1,0.051
55133,1,0.038
55135,6,0.082
55137,6,0.132
55139,3,0.071
55141,4,0.073
56000,,0.068
56001,4,0.041
56003,9,0.103
56005,5,0.071
56007,7,0.09
56009,6,0.092
56011,9,0.073
56013,7,0.079
56015,7,0.079
56017,7,0.053
56019,7,0.04
56021,3,0.07
56023,7,0.072
56025,3,0.075
56027,9,0.129
56029,7,0.045
56031,7,0.089
56033,7,0.047
56035,9,0.04
56037,5,0.072
56039,7,0.048
56041,7,0.073
56043,7,0.102
56045,7,0.063
72000,,0.235
72001,6,0.347
72003,2,0.343
72005,2,0.262
72007,1,0.293
72009,1,0.219
72011,2,0.304
72013,3,0.232
72015,3,0.208
72017,1,0.259
72019,1,0.273
72021,1,0.193
72023,3,0.297
72025,1,0.186
72027,3,0.29
72029,1,0.249
72031,1,0.154
72033,1,0.265
72035,1,0.246
72037,1,0.268
72039,1,0.329
72041,1,0.239
72043,4,0.221
72045,1,0.297
72047,1,0.307
72049,9,0.296
72051,1,0.191
72053,1,0.199
72054,1,0.224
72055,2,0.301
72057,3,0.231
72059,2,0.231
72061,1,0.155
72063,1,0.197
72065,3,0.274
72067,3,0.236
72069,1,0.234
72071,2,0.295
72073,6,0.244
72075,2,0.23
72077,1,0.245
72079,3,0.373
72081,2,0.354
72083,6,0.456
72085,1,0.222
72087,1,0.25
72089,1,0.23
72091,1,0.274
72093,6,0.482
72095,1,0.335
72097,3,0.281
72099,2,0.306
72101,1,0.295
72103,1,0.264
72105,1,0.292
72107,1,0.323
72109,3,0.269
72111,2,0.262
72113,2,0.219
72115,3,0.261
72117,2,0.329
72119,1,0.219
72121,3,0.257
72123,4,0.262
72125,3,0.284
72127,1,0.187
72129,1,0.281
72131,2,0.322
72133,4,0.162
72135,1,0.174
72137,1,0.189
72139,1,0.156
72141,2,0.278
72143,1,0.27
72145,1,0.284
72147,7,0.288
72149,2,0.22
72151,1,0.29
72153,2,0.266