fips,registration_2020,registration_2016
1001,43482,38192
1003,176642,146784
1005,17819,17095
1007,14992,13511
1009,41865,37657
1011,7438,7419
1013,14602,13801
1015,81390,74414
1017,25985,24010
1019,19430,16959
1021,29874,28567
1023,11008,10989
1025,19645,19386
1027,10431,10202
1029,11494,10818
1031,37095,33531
1033,43545,38332
1035,10380,10488
1037,8375,8113
1039,28295,25328
1041,10606,9957
1043,62597,55905
1045,35610,31429
1047,31771,32514
1049,45089,40813
1051,60667,54018
1053,27180,24337
1055,75935,69344
1057,13017,12154
1059,19656,18979
1061,20061,17933
1063,7029,7318
1065,12512,12433
1067,14021,12760
1069,80141,69584
1071,39525,36963
1073,504691,456843
1075,11207,10889
1077,68128,60533
1079,25357,23474
1081,123705,103355
1083,71273,58204
1085,10343,10460
1087,17900,18498
1089,302377,262726
1091,16322,16501
1093,21987,20339
1095,63939,55727
1097,314929,284762
1099,16870,16395
1101,165228,154667
1103,85538,75773
1105,8156,8540
1107,14396,14003
1109,23585,22545
1111,18369,16821
1113,42618,36168
1115,67871,58401
1117,164967,142828
1119,10028,10228
1121,58893,53564
1123,31934,30212
1125,149856,132563
1127,49095,46361
1129,13758,13663
1131,9184,9289
1133,17096,16689
2701,13926,12566
2702,11997,11233
2703,14878,13297
2704,15274,14031
2705,13958,13052
2706,15444,14517
2707,16692,13467
2708,17531,12990
2709,16917,14118
2710,17577,14060
2711,16491,14606
2712,16546,14268
2713,13888,12199
2714,16726,16099
2715,12607,11433
2716,15067,13079
2717,13307,11895
2718,14183,13027
2719,12328,10447
2720,14086,13249
2721,14633,13479
2722,15077,13234
2723,14325,12179
2724,15078,13935
2725,15175,13074
2726,15591,13786
2727,15390,13874
2728,16743,15698
2729,16296,14184
2730,16782,14394
2731,18132,15434
2732,13986,12958
2733,16306,15164
2734,16034,14347
2735,15766,14725
2736,15375,13514
2737,10447,10016
2738,12145,10541
2739,12144,10979
2740,10118,9412
2799,681,681
4001,55792,53020
4003,94283,84061
4005,104736,94277
4007,37806,35905
4009,22659,21028
4011,5321,5140
4012,13553,11727
4013,2863040,2438481
4015,155904,142180
4017,81425,70185
4019,697184,616887
4021,263199,225252
4023,30935,28708
4025,181031,156027
4027,128452,105158
5001,10197,10331
5003,11371,12547
5005,29981,28835
5007,170022,144070
5009,25018,24455
5011,5285,5440
5013,3462,3427
5015,16914,15799
5017,6222,6438
5019,12147,12264
5021,7966,8308
5023,18008,18091
5025,4607,4916
5027,13069,14379
5029,11714,11281
5031,57905,59510
5033,35425,33275
5035,31776,30386
5037,10258,10474
5039,4507,4329
5041,7114,7829
5043,11538,10589
5045,76849,74791
5047,9712,9907
5049,7557,6791
5051,66072,65247
5053,12028,11010
5055,22386,20916
5057,10280,11760
5059,18179,19330
5061,7298,7125
5063,21841,21735
5065,8957,8044
5067,7886,8509
5069,44259,42308
5071,16654,14808
5073,4366,4288
5075,8425,8964
5077,5013,4895
5079,6378,6017
5081,7117,7194
5083,12144,12647
5085,49741,43298
5087,10239,9763
5089,10683,10053
5091,24805,25746
5093,20482,21507
5095,4258,4474
5097,5037,4908
5099,5753,5682
5101,6582,6107
5103,15927,16679
5105,6429,6243
5107,10633,13007
5109,5650,5525
5111,12306,12493
5113,12118,12473
5115,35073,33595
5117,4971,4826
5119,260623,246296
5121,10640,10345
5123,11582,13874
5125,77465,74525
5127,5104,5292
5129,5259,5573
5131,72823,73788
5133,7457,6680
5135,11295,11065
5137,8836,7977
5139,27917,27825
5141,10712,10073
5143,140765,129133
5145,44917,43042
5147,4527,4478
5149,10295,10378
6001,966809,888664
6003,869,722
6005,25605,22417
6007,124793,129275
6009,31364,29555
6011,9807,8638
6013,703021,607515
6015,15904,14318
6017,135554,116459
6019,496482,437423
6021,14279,12835
6023,85183,82917
6025,84676,70189
6027,11016,10167
6029,425839,370804
6031,60100,52124
6033,37262,34706
6035,15252,14280
6037,5813167,5253427
6039,67909,58086
6041,175192,160795
6043,11918,10975
6045,53697,51061
6047,117174,99145
6049,5338,5166
6051,7831,6471
6053,206917,185786
6055,84845,76833
6057,74299,68829
6059,1772700,1535691
6061,270599,226249
6063,13655,11985
6065,1241552,1019130
6067,884247,772865
6069,35359,28224
6071,1102687,888019
6073,1950545,1652570
6075,521771,512723
6077,366394,334253
6079,183746,168257
6081,442988,395928
6083,235198,222983
6085,1019309,875176
6087,170831,157186
6089,111243,102000
6091,2261,2257
6093,29240,27619
6095,259161,224930
6097,300840,273432
6099,279644,241144
6101,52096,45665
6103,37023,32555
6105,8204,8079
6107,199725,154000
6109,35042,31402
6111,500442,442951
6113,119218,111222
6115,39626,33694
8001,320095,273117
8003,10993,10039
8005,466250,421178
8007,12131,10600
8009,3006,2825
8011,3377,2938
8013,257455,263523
8014,57774,49422
8015,17192,14714
8017,1457,1417
8019,8652,7987
8021,5600,5763
8023,3041,2923
8025,2395,2096
8027,4486,3866
8029,24121,22194
8031,526322,474975
8033,1934,1703
8035,284016,238123
8037,38597,34928
8039,23139,19833
8041,522533,457329
8043,33378,30590
8045,41314,35017
8047,5691,4981
8049,13358,11730
8051,14579,13263
8053,795,744
8055,5823,5105
8057,1276,1209
8059,464939,429933
8061,1098,1029
8063,5146,4955
8065,5963,5606
8067,49173,44511
8069,283730,255689
8071,11728,10420
8073,3491,3185
8075,13434,13245
8077,120210,116248
8079,938,838
8081,9871,10040
8083,21466,20042
8085,31544,27529
8087,18509,16066
8089,13277,11975
8091,4952,4459
8093,16343,14339
8095,3426,3268
8097,15362,15281
8099,7828,7246
8101,120703,114846
8103,4849,4650
8105,8613,8099
8107,21719,19988
8109,4759,4476
8111,775,734
8113,6731,6329
8115,1925,1804
8117,25849,26835
8119,22187,19613
8121,3723,3360
8123,220453,182318
8125,6271,6215
9001,643542,595957
9003,621865,582856
9005,137765,131775
9007,127521,118335
9009,599888,566746
9011,188524,181182
9013,105546,103951
9015,80425,76931
10001,131287,116201
10003,425744,403967
10005,182539,155495
11001,517890,478688
12001,190433,177947
12003,16933,15147
12005,124653,118016
12007,17742,16042
12009,452424,412032
12011,1266991,1179255
12013,8709,8596
12015,152142,128332
12017,117092,105696
12019,164745,146641
12021,231708,200707
12023,44239,37385
12027,17819,15884
12029,10595,9923
12031,664211,588121
12033,232238,210039
12035,91916,79281
12037,8485,7229
12039,31155,29584
12041,12516,11423
12043,7097,6611
12045,10829,10210
12047,8098,8086
12049,13111,11720
12051,19122,17477
12053,146893,130639
12055,66317,61603
12057,934346,849838
12059,11489,11230
12061,124586,106647
12063,29857,28952
12065,10236,9506
12067,4568,4465
12069,264691,222432
12071,489187,423938
12073,217454,206335
12075,30099,26833
12077,4601,4497
12079,11758,11567
12081,273427,231076
12083,264614,230841
12085,118472,110935
12086,1564297,1379230
12087,56910,54749
12089,72223,61292
12091,150654,135678
12093,22394,20008
12095,866460,776488
12097,239027,196326
12099,1020222,901642
12101,393392,336040
12103,711462,648791
12105,471241,407653
12107,50692,47423
12109,210059,173203
12111,223640,194368
12113,145810,130840
12115,340092,301926
12117,335172,291964
12119,105612,92153
12121,27728,26422
12123,12779,12303
12125,7718,7256
12127,398530,363438
12129,22909,20045
12131,58057,46645
12133,17191,15172
13001,11399,9242
13003,4799,3695
13005,6720,5385
13007,2258,1974
13009,26721,21052
13011,12898,8581
13013,55605,37213
13015,74409,52253
13017,9854,7899
13019,11275,10920
13021,107979,86854
13023,7516,6162
13025,11888,8304
13027,11154,8642
13029,30608,20151
13031,44738,34926
13033,16556,12481
13035,17154,12556
13037,3184,2694
13039,34950,25319
13043,6300,4671
13045,83847,57251
13047,45715,34831
13049,6552,5154
13051,200388,155339
13053,4193,4247
13055,14143,11099
13057,190531,138809
13059,76504,60411
13061,2053,1731
13063,193326,134164
13065,4345,3499
13067,537611,424176
13069,25114,18897
13071,25054,18468
13073,107380,81492
13075,10632,8037
13077,102110,78788
13079,8512,6525
13081,12554,10228
13083,11660,8588
13085,21529,14591
13087,16618,13821
13089,546711,419871
13091,11439,11169
13093,5949,5295
13095,61172,49074
13097,102540,74636
13099,7320,6471
13101,2156,1579
13103,44273,30029
13105,12305,10200
13107,13715,10534
13109,6135,4684
13111,20399,14684
13113,92307,73831
13115,60650,45654
13117,163984,119848
13119,15146,13086
13121,806451,590362
13123,22264,15748
13125,2039,1733
13127,61952,44972
13129,36429,24934
13131,15442,12061
13133,14171,10895
13135,581467,430935
13137,28264,20380
13139,132677,90807
13141,5827,5407
13143,20667,14488
13145,25626,20235
13147,16929,12862
13149,7762,5555
13151,171905,125837
13153,105315,79199
13155,6113,4963
13157,51951,33719
13159,10432,7671
13161,8478,6784
13163,11334,9256
13165,5066,4258
13167,5611,4702
13169,20761,15398
13171,12839,9786
13173,5462,4104
13175,32837,25051
13177,22897,17841
13179,35582,24858
13181,6176,5949
13183,10470,6052
13185,75356,53910
13187,22407,15618
13189,15033,11967
13191,9292,9126
13193,6991,6012
13195,20720,15118
13197,4913,4224
13199,15337,12166
13201,3912,3461
13205,13474,10761
13207,21138,16098
13209,5463,4681
13211,14824,11471
13213,22284,16466
13215,130878,100700
13217,78994,58302
13219,30071,24058
13221,10844,8087
13223,114945,82336
13225,17996,14630
13227,23766,17319
13229,12717,9283
13231,14227,10620
13233,24189,20268
13235,5687,4720
13237,16003,13964
13239,1547,1431
13241,13072,9884
13243,4341,3914
13245,134749,105642
13247,65505,50003
13249,2882,2364
13251,9885,7512
13253,5936,4905
13255,45985,34832
13257,18536,13132
13259,2893,2917
13261,17800,15181
13263,4563,4138
13265,1245,1157
13267,12184,9299
13269,5400,4372
13271,6032,5029
13273,6594,5871
13275,30028,24693
13277,24449,19040
13279,16134,15146
13281,10693,8608
13283,4223,3773
13285,42964,35513
13287,5582,4552
13289,6304,5291
13291,19201,14370
13293,18175,14058
13295,42924,32951
13297,70006,51318
13299,21994,16254
13301,3785,3105
13303,12990,11002
13305,18104,13496
13307,1705,1433
13309,3161,2705
13311,20622,14669
13313,54749,39588
13315,4661,3934
13317,6819,5826
13319,6470,5481
13321,14469,10724
15001,127348,113083
15003,549935,498590
15007,47253,44332
15009,107930,93912
16001,321143,270556
16003,3182,2847
16005,51330,47855
16007,4006,3658
16009,6163,5446
16011,25392,22075
16013,16602,14066
16015,6022,4947
16017,32946,26760
16019,69461,58020
16021,7774,6411
16023,1653,1607
16025,835,747
16027,116448,101407
16029,4402,3986
16031,11834,10876
16033,427,391
16035,5296,5001
16037,3299,3046
16039,13487,11758
16041,8092,6945
16043,7674,7287
16045,12147,10561
16047,7323,6713
16049,11412,10249
16051,17059,14736
16053,10729,9050
16055,103552,88186
16057,27476,26251
16059,5922,5072
16061,2388,2194
16063,2493,2357
16065,24627,22327
16067,9982,9038
16069,26059,22872
16071,3115,2744
16073,6315,5446
16075,14149,12079
16077,3831,3706
16079,7936,7174
16081,7800,6542
16083,45455,41024
16085,8567,6634
16087,6612,5882
17001,44842,47072
17003,5008,5867
17005,10867,12550
17007,33455,32972
17009,3574,3769
17011,23651,24087
17013,3453,3554
17015,10424,11008
17017,7772,7895
17019,127848,134352
17021,21935,22732
17023,11188,12020
17025,9372,9642
17027,26491,25414
17029,30157,30778
17031,3253333,3082719
17033,12586,12983
17035,7599,7930
17037,65009,62119
17039,10853,12374
17041,11940,12041
17043,641503,614752
17045,12355,13273
17047,4433,4311
17049,24465,23755
17051,13499,13336
17053,9359,9586
17055,29195,27697
17057,25766,25869
17059,3809,3838
17061,9117,8652
17063,33656,32626
17065,5615,5779
17067,11974,12370
17069,3078,2937
17071,4680,4865
17073,35273,36454
17075,17887,18345
17077,31693,41829
17079,6919,6912
17081,24196,24171
17083,15587,16115
17085,16537,16207
17087,8576,8539
17089,318506,300293
17091,67051,64829
17093,84165,75755
17095,33379,34031
17097,487186,430436
17099,73034,70850
17101,9122,9375
17103,22291,22919
17105,22044,22570
17107,18980,19235
17109,17771,18782
17111,237640,218178
17113,115886,112198
17115,72049,76226
17117,31892,31700
17119,186358,182063
17121,25034,24915
17123,8289,8266
17125,9204,10005
17127,11070,11801
17129,9371,9232
17131,12694,12081
17133,26961,24890
17135,16496,17899
17137,22037,22984
17139,8657,8642
17141,31786,33627
17143,117380,118746
17145,14700,14342
17147,12391,11743
17149,10692,11909
17151,3014,2983
17153,4524,4398
17155,4191,4260
17157,20876,21376
17159,11028,11311
17161,90615,100163
17163,193473,184932
17165,16063,16679
17167,140667,136312
17169,5147,5486
17171,3551,3790
17173,14997,15175
17175,3988,4171
17177,33376,34165
17179,94022,90769
17181,12907,12685
17183,46303,47963
17185,7780,8647
17187,11872,11373
17189,9971,9759
17191,11193,12148
17193,10010,10690
17195,38436,37759
17197,463465,417813
17199,47393,45930
17201,183378,175630
17203,27214,26862
18001,19780,19482
18003,267870,276407
18005,53417,55494
18007,6015,6129
18009,8213,8976
18011,53840,49294
18013,12622,12955
18015,14009,14338
18017,22589,22012
18019,94856,94446
18021,18717,19581
18023,20140,20529
18025,7855,9286
18027,17927,19449
18029,39758,39926
18031,17451,15950
18033,29438,30441
18035,83661,91038
18037,30849,30878
18039,125927,134922
18041,16343,17607
18043,62222,61175
18045,11630,12784
18047,17299,18784
18049,13255,13374
18051,23561,24646
18053,45509,49440
18055,20365,21708
18057,260082,230786
18059,58438,56315
18061,29654,28754
18063,124726,109903
18065,31081,31363
18067,60903,63952
18069,25378,25859
18071,28642,30531
18073,22800,23582
18075,12534,12632
18077,22196,22004
18079,18540,19063
18081,111427,107546
18083,24682,26927
18085,54499,54154
18087,16402,16522
18089,371171,364293
18091,79763,83837
18093,32555,33367
18095,91258,97563
18097,670086,699709
18099,29629,30300
18101,7663,7917
18103,22424,23197
18105,100527,112228
18107,25157,24363
18109,52421,51542
18111,10250,11348
18113,29845,31028
18115,4936,4927
18117,13784,15736
18119,14627,14851
18121,10583,12221
18123,12825,12846
18125,9040,9413
18127,132035,126944
18129,18315,19229
18131,8988,9609
18133,24823,25270
18135,16825,17956
18137,21040,22190
18139,11228,11846
18141,197179,212720
18143,17184,19757
18145,30314,29608
18147,15240,16067
18149,17225,18112
18151,24645,23107
18153,14059,14906
18155,7049,7460
18157,119355,113548
18159,11656,12640
18161,5273,5913
18163,130933,139519
18165,10386,10246
18167,73418,79517
18169,21337,22833
18171,6300,6287
18173,48001,49679
18175,19424,19986
18177,44057,43365
18179,19010,19278
18181,16901,17356
18183,23862,22665
19001,5471,5303
19003,2876,2930
19005,10139,10092
19007,9073,9155
19009,4339,4453
19011,18387,18287
19013,89940,89219
19015,20105,19404
19017,18195,17658
19019,14228,14177
19021,12613,12469
19023,10260,10123
19025,6778,6823
19027,14886,15075
19029,9948,10055
19031,13083,12337
19033,31801,32143
19035,8374,8756
19037,8665,9052
19039,6243,6134
19041,12067,12304
19043,12198,12191
19045,34332,34251
19047,10135,10042
19049,68267,57236
19051,5253,5249
19053,5150,4916
19055,12285,11842
19057,28724,28554
19059,14500,13419
19061,72081,69589
19063,6854,7429
19065,12722,12496
19067,11286,11189
19069,6681,6885
19071,5276,5466
19073,6673,6817
19075,9068,9066
19077,8270,8046
19079,10384,10515
19081,7941,8069
19083,11911,12011
19085,9362,8591
19087,13900,14463
19089,6383,6396
19091,6706,6710
19093,5027,5158
19095,12461,12331
19097,14930,14996
19099,26703,26305
19101,11758,11430
19103,113818,111292
19105,14105,13697
19107,6941,7073
19109,11414,11343
19111,23758,24181
19113,160771,154386
19115,7330,7473
19117,6076,6016
19119,8689,8518
19121,12194,11600
19123,15199,15018
19125,24760,24504
19127,25125,26117
19129,11003,11155
19131,7439,7375
19133,6347,6460
19135,5211,5105
19137,7482,7429
19139,29422,29223
19141,9923,10053
19143,4324,4410
19145,10467,10525
19147,6419,6486
19149,18236,18172
19151,5144,5262
19153,330982,303879
19155,66167,63474
19157,14530,14566
19159,3342,3316
19161,7280,7404
19163,133102,128225
19165,8709,8359
19167,23029,21936
19169,71955,68768
19171,11760,11894
19173,4121,4272
19175,8489,8193
19177,5034,5125
19179,22268,22936
19181,38102,35191
19183,15577,15182
19185,3885,3797
19187,25956,25941
19189,8043,7875
19191,15699,14716
19193,65508,63051
19195,5670,5764
19197,8261,8641
20001,8993,8655
20003,5758,5410
20005,12084,11332
20007,2952,2970
20009,16459,17427
20011,11937,11643
20013,6293,6159
20015,45514,42282
20017,1864,1827
20019,2464,2332
20021,14374,16953
20023,1963,1914
20025,1524,1476
20027,5828,5761
20029,6054,6003
20031,6264,6164
20033,1093,1136
20035,20527,19982
20037,25619,24908
20039,2234,2112
20041,13562,12955
20043,4704,4932
20045,82319,81380
20047,1926,1905
20049,1826,1850
20051,18876,18317
20053,4007,4148
20055,20936,19016
20057,15007,15790
20059,18999,18004
20061,17334,15658
20063,1846,1920
20065,1844,1811
20067,3722,3543
20069,3150,3032
20071,865,860
20073,4984,4835
20075,1348,1301
20077,3628,4202
20079,23810,21761
20081,2436,2383
20083,1323,1404
20085,9014,8534
20087,12819,13280
20089,2227,2159
20091,452675,407550
20093,2244,2157
20095,5180,5278
20097,1439,1425
20099,13986,16130
20101,1132,1321
20103,50575,50794
20105,2189,2177
20107,7247,6813
20109,1870,1856
20111,20228,19872
20113,18199,17068
20115,7936,7911
20117,6857,6468
20119,3383,3237
20121,24748,22059
20123,4230,4163
20125,20394,19573
20127,3920,3868
20129,2028,1957
20131,7395,7318
20133,11162,11468
20135,1940,1988
20137,3424,3367
20139,11855,10808
20141,2762,2744
20143,4323,4362
20145,3859,3895
20147,3884,3613
20149,16876,14381
20151,5316,5900
20153,2018,2111
20155,41035,41135
20157,3449,3700
20159,6366,5980
20161,37971,33917
20163,3703,3425
20165,2254,2118
20167,4600,4478
20169,38021,35414
20171,3492,3274
20173,322062,293113
20175,10708,10495
20177,116223,109731
20179,1917,1835
20181,3891,3870
20183,2780,2897
20185,2529,2666
20187,1118,1216
20189,3193,2986
20191,17499,16482
20193,5227,4600
20195,2136,2181
20197,5267,4775
20199,1121,1054
20201,3585,3347
20203,1402,1366
20205,5309,4943
20207,2208,2246
20209,91344,79625
21001,14031,13622
21003,15779,14426
21005,18879,17722
21007,6627,6406
21009,32753,30762
21011,9727,9213
21013,21276,21139
21015,112540,98668
21017,15117,14651
21019,41063,39269
21021,23279,21602
21023,6802,6303
21025,11503,11701
21027,16162,14989
21029,63342,57947
21031,9748,9375
21033,10324,10070
21035,31878,29282
21037,80270,71725
21039,4140,4011
21041,8251,7832
21043,20412,19824
21045,11428,10942
21047,56018,50265
21049,30401,28073
21051,14727,14662
21053,7795,7491
21055,6760,6683
21057,5428,5396
21059,78258,72731
21061,9801,9053
21063,5368,5213
21065,10761,10526
21067,250698,224659
21069,11218,10735
21071,29849,30446
21073,40314,36722
21075,5613,5477
21077,6715,6384
21079,13774,12982
21081,19124,17721
21083,26731,25570
21085,18880,18196
21087,8896,8772
21089,30778,29154
21091,7069,6737
21093,90815,80113
21095,20640,20607
21097,14313,13509
21099,14356,13209
21101,36667,34756
21103,12557,11908
21105,3745,3727
21107,35732,34564
21109,10248,9979
21111,632848,582338
21113,43369,39210
21115,18517,17877
21117,142157,128324
21119,11240,11304
21121,24997,24143
21123,11261,10428
21125,49401,46190
21127,12945,12427
21129,5264,5248
21131,8359,8549
21133,16673,16444
21135,10491,10165
21137,18759,17943
21139,7829,7587
21141,19431,17787
21143,6691,6389
21145,57912,53669
21147,11323,11180
21149,7097,6979
21151,73297,63600
21153,9878,10051
21155,13845,13135
21157,26576,25494
21159,8305,8290
21161,13713,13037
21163,23635,21149
21165,5728,5345
21167,18744,17511
21169,8030,7731
21171,8724,8571
21173,21204,20277
21175,9348,9113
21177,23322,22700
21179,35480,33025
21181,5600,5438
21183,18333,17478
21185,56248,50185
21187,8465,8090
21189,3550,3568
21191,10785,10324
21193,20565,20812
21195,49482,49140
21197,10256,9933
21199,50029,47323
21201,1792,1743
21203,12835,12353
21205,16264,14847
21207,14469,14016
21209,44760,38734
21211,35450,31586
21213,14963,13585
21215,16298,14146
21217,19310,18128
21219,9050,8374
21221,12600,11643
21223,7622,7171
21225,10660,10248
21227,89576,80493
21229,9250,8675
21231,15381,14738
21233,9794,9681
21235,28337,26828
21237,5677,5603
21239,22254,20526
22001,40278,40215
22003,13992,13954
22005,82899,76438
22007,15257,15247
22009,24722,25005
22011,23419,22542
22013,9277,9502
22015,76854,73504
22017,164423,168724
22019,130647,130104
22021,6530,6748
22023,5398,5214
22025,6769,7012
22027,9210,9178
22029,13163,13518
22031,20181,19085
22033,299658,292759
22035,5115,5333
22037,14322,14291
22039,22062,22168
22041,13966,13878
22043,13321,13010
22045,47811,48366
22047,21796,21564
22049,9975,10295
22051,282452,274249
22053,21327,21422
22055,161517,155315
22057,61093,58993
22059,9119,8952
22061,27947,28155
22063,87398,83309
22065,7631,7729
22067,18381,18956
22069,25211,25400
22071,273816,261482
22073,106669,105546
22075,15200,15524
22077,16046,15659
22079,85603,86204
22081,5942,6256
22083,14386,14409
22085,15107,14978
22087,27081,26312
22089,36782,35483
22091,8668,8520
22093,15741,15831
22095,30706,30203
22097,60367,60733
22099,37787,37103
22101,33413,33435
22103,186881,173389
22105,83711,78617
22107,3544,3975
22109,65591,64619
22111,15920,15972
22113,38635,37963
22115,26283,25648
22117,28716,28012
22119,25152,26053
22121,17863,16811
22123,7330,7379
22125,8011,7733
22127,8932,9258
23001,85598,81596
23003,52725,51855
23005,266859,243642
23007,25508,24493
23009,49006,45871
23011,102550,96273
23013,33658,31083
23015,31080,28901
23017,47582,45035
23019,124368,119132
23021,13455,13016
23023,31837,29728
23025,39457,37734
23027,33840,31645
23029,24824,24195
23031,176454,160059
24001,46865,43051
24003,434570,377502
24005,603419,546886
24009,72385,62700
24011,22430,19498
24013,132686,119143
24015,75633,64896
24017,127642,108334
24019,23461,21223
24021,199138,164464
24023,21651,19544
24025,199026,174334
24027,240205,207245
24029,14379,12952
24031,753586,656674
24033,644735,575809
24035,39799,34795
24037,81803,69372
24039,14255,12948
24041,29556,26747
24043,108864,93666
24045,68642,59712
24047,43643,37979
24510,424374,390616
25001,184407,173757
25003,93714,90723
25005,394376,364818
25007,16242,15125
25009,561515,526594
25011,54042,51211
25013,330925,316919
25015,109231,109798
25017,1095382,1039346
25019,9624,9085
25021,510411,477863
25023,387575,355288
25025,492219,470592
25027,573246,533855
26001,9842,9347
26003,7565,7337
26005,93547,83976
26007,24768,23549
26009,21961,20425
26011,12693,12151
26013,6681,6428
26015,49600,45336
26017,84534,80236
26019,16421,15088
26021,134312,127768
26023,33640,31518
26025,105964,100662
26027,44434,40527
26029,23670,22144
26031,22538,21318
26033,26085,24279
26035,25154,23386
26037,62024,57040
26039,11966,11343
26041,31218,29395
26043,23280,22250
26045,87635,81665
26047,30536,28547
26049,348259,331057
26051,21851,21084
26053,14278,13953
26055,80742,73819
26057,28190,26463
26059,36373,33922
26061,26465,24944
26063,26141,25207
26065,213353,203049
26067,46736,43247
26069,22508,21293
26071,10442,9680
26073,46052,43606
26075,121853,111923
26077,209826,195448
26079,15966,14720
26081,498832,453052
26083,2046,1957
26085,9956,9217
26087,71794,66834
26089,21333,20127
26091,78765,73564
26093,160644,145712
26095,4543,4315
26097,10083,9495
26099,689812,630577
26101,20908,19720
26103,54567,51204
26105,24630,22833
26107,31052,27742
26109,20053,19163
26111,69376,65519
26113,12010,10889
26115,130135,118691
26117,47629,42907
26119,8553,7975
26121,140636,128799
26123,39611,35833
26125,1030567,957357
26127,21129,19526
26129,17816,16596
26131,5727,5661
26133,18356,17350
26135,7266,6768
26137,22945,21009
26139,219641,197977
26141,11523,10893
26143,22908,21706
26145,156209,150018
26147,133821,124354
26149,47227,43970
26151,31510,29510
26153,7198,6791
26155,55703,52779
26157,42707,40793
26159,60552,55350
26161,316414,285272
26163,1398888,1339831
26165,27347,25289
27001,11267,10923
27003,246388,229316
27005,23368,21182
27007,30093,27903
27009,26909,25204
27011,3364,3350
27013,43858,42284
27015,17089,16865
27017,23906,22505
27019,74575,67428
27021,21836,20208
27023,7753,7682
27025,39709,36814
27027,39928,37932
27029,5472,5153
27031,4197,3864
27033,7137,6878
27035,47109,43578
27037,304233,283462
27039,14080,12953
27041,28171,26808
27043,9224,9059
27045,14069,13532
27047,19689,19587
27049,33092,31392
27051,4207,4117
27053,892793,835770
27055,13286,12985
27057,15063,14013
27059,28528,25923
27061,31109,29563
27063,6583,6498
27065,11023,10321
27067,27735,26344
27069,2978,2878
27071,8046,7803
27073,4680,4669
27075,8165,7902
27077,2748,2633
27079,19437,18260
27081,3802,3743
27083,15530,15061
27085,24267,23465
27087,3103,2793
27089,5920,5716
27091,12717,13001
27093,15461,14857
27095,16936,16356
27097,22582,21047
27099,23289,22342
27101,5643,5457
27103,22606,22211
27105,10709,10724
27107,4047,4022
27109,106601,98825
27111,41958,39765
27113,8598,8389
27115,18582,16820
27117,5827,5845
27119,18820,18596
27121,8049,7655
27123,355526,339947
27125,2513,2335
27127,9918,10205
27129,9629,9434
27131,43100,40821
27133,6002,5871
27135,9806,9560
27137,142595,139098
27139,101224,91249
27141,65312,59762
27143,9754,9452
27145,101560,98627
27147,24578,23320
27149,5948,6490
27151,6084,5985
27153,15402,14637
27155,2174,2171
27157,15288,14493
27159,9091,8458
27161,12143,11807
27163,188522,173223
27165,6082,6268
27167,4067,3998
27169,32397,32872
27171,95000,85126
27173,6382,6473
28001,21442,21394
28003,28327,27567
28005,10699,10401
28007,12780,12860
28009,6235,6195
28011,24320,27054
28013,9750,10121
28015,7695,8082
28017,12574,12532
28019,5858,6223
28021,7114,8136
28023,12217,12879
28025,14798,14609
28027,18494,17786
28029,20526,20773
28031,15089,14780
28033,125885,110062
28035,52502,50108
28037,6242,5932
28039,16588,15692
28041,8295,8307
28043,17259,17203
28045,35645,33289
28047,144215,132182
28049,191175,173849
28051,13780,13294
28053,6893,7067
28055,990,1091
28057,16597,18203
28059,97621,89241
28061,12238,12096
28063,5823,6589
28065,9132,9856
28067,45351,43350
28069,7963,8020
28071,37110,32131
28073,40992,37283
28075,48569,55346
28077,9086,9561
28079,15157,17629
28081,56625,53534
28083,26063,29248
28085,23204,24726
28087,44338,46091
28089,87943,85969
28091,17789,17884
28093,25555,24482
28095,25644,25563
28097,7066,7853
28099,18200,17201
28101,14961,14586
28103,7921,9327
28105,32979,28408
28107,25850,26434
28109,39464,38450
28111,8927,8880
28113,27089,26346
28115,21978,21153
28117,15971,16466
28119,5089,5316
28121,103528,95366
28123,19714,24182
28125,3440,3399
28127,18607,18637
28129,11758,11242
28131,11827,11259
28133,16825,17145
28135,10069,9942
28137,19332,18991
28139,15066,15088
28141,13533,13253
28143,10166,9886
28145,18212,17764
28147,11305,13399
28149,30746,33352
28151,35324,33553
28153,14453,14383
28155,7598,7699
28157,7137,7449
28159,12804,13442
28161,10898,10417
28163,19494,19219
29001,14876,15231
29003,12965,12188
29005,3890,3815
29007,15392,15507
29009,22135,21045
29011,8786,8653
29013,11732,11616
29015,14700,13877
29017,8369,8287
29019,131232,131020
29021,53172,52049
29023,28600,28799
29025,6542,6328
29027,29728,28572
29029,33371,31788
29031,55255,53503
29033,6132,6314
29035,4719,4761
29037,80278,71389
29039,9396,8416
29041,5381,5536
29043,65379,56933
29045,4956,4933
29047,176768,169796
29049,15508,14700
29051,54141,53755
29053,11691,11308
29055,16600,16131
29057,5685,5986
29059,11354,10931
29061,5400,5396
29063,6800,6504
29065,10087,9558
29067,9647,9684
29069,17657,17359
29071,74124,70716
29073,10781,10634
29075,4695,4669
29077,196010,190103
29079,5872,6726
29081,5285,5243
29083,15923,15780
29085,7032,6762
29087,3215,3324
29089,6984,6939
29091,27330,27043
29093,6880,6983
29095,493920,479386
29097,82084,77987
29099,158829,148904
29101,33016,32487
29103,2543,2515
29105,24089,23140
29107,23498,23145
29109,24984,24317
29111,6618,6691
29113,40215,36222
29115,8170,8636
29117,9476,9520
29119,14330,13140
29121,10885,10730
29123,8274,7825
29125,6204,6218
29127,20117,19945
29129,2351,2551
29131,17874,17568
29133,8236,8978
29135,9692,9545
29137,6099,5994
29139,8137,8066
29141,12986,12547
29143,11613,11789
29145,41737,40039
29147,12913,13037
29149,7226,7061
29151,9817,9553
29153,7361,7271
29155,10102,11754
29157,12854,12314
29159,26949,26274
29161,29319,28554
29163,10795,10803
29165,76800,68621
29167,20577,20073
29169,25244,23269
29171,3417,3766
29173,7649,7253
29175,15522,15785
29177,16740,16662
29179,4723,5036
29181,8883,9050
29183,290894,295391
29185,6845,6592
29186,13222,12882
29187,41309,38667
29189,759234,764692
29195,14060,13684
29197,2792,2851
29199,2780,3123
29201,25678,26263
29203,5584,5399
29205,4449,4547
29207,19800,20607
29209,25120,23466
29211,3932,4072
29213,39386,36502
29215,16301,16356
29217,13133,13112
29219,24853,22617
29221,15055,14130
29223,8937,9118
29225,25358,23707
29227,1533,1505
29229,12612,12332
29510,220568,221561
30001,7116,6733
30003,7498,7994
30005,4173,3937
30007,5017,4216
30009,8285,7723
30011,967,962
30013,50461,53867
30015,3713,3509
30017,7222,7134
30019,1201,1214
30021,5890,5890
30023,5882,5411
30025,1859,1980
30027,7840,7727
30029,76282,67112
30031,88553,75481
30033,930,914
30035,8353,7782
30037,582,598
30039,2453,2352
30041,9235,9521
30043,9466,8377
30045,1507,1441
30047,20781,18799
30049,50631,45342
30051,1226,1171
30053,14463,13472
30055,1241,1256
30057,7111,6176
30059,1320,1305
30061,3382,3101
30063,91095,83745
30065,3590,3031
30067,13920,12622
30069,391,426
30071,2867,2749
30073,3842,3529
30075,1337,1299
30077,3885,3538
30079,880,879
30081,33739,30119
30083,7706,7048
30085,6046,5813
30087,5049,4982
30089,9199,8290
30091,2516,2422
30093,23410,21950
30095,6818,6104
30097,2833,2664
30099,4205,4060
30101,2610,2654
30103,551,560
30105,5136,4845
30107,1261,1333
30109,738,746
30111,104274,96465
31001,19843,19704
31003,4568,4596
31005,328,343
31007,539,551
31009,362,393
31011,3680,3814
31013,7780,7670
31015,1390,1499
31017,2123,2156
31019,31204,29649
31021,4967,4928
31023,5656,5640
31025,18995,17523
31027,5774,6012
31029,2500,2521
31031,3872,4216
31033,6417,6927
31035,4271,4274
31037,5314,5132
31039,5886,5836
31041,8038,8160
31043,11323,10758
31045,5515,6078
31047,13805,14076
31049,1395,1417
31051,3804,3822
31053,22490,22135
31055,373532,349622
31057,1254,1275
31059,4028,4105
31061,2268,2288
31063,1887,1862
31065,3517,3495
31067,14521,14277
31069,1383,1464
31071,1316,1299
31073,1460,1496
31075,498,502
31077,1578,1605
31079,35100,33574
31081,6809,6666
31083,2492,2478
31085,695,715
31087,1920,2013
31089,7149,7111
31091,564,540
31093,4638,4496
31095,4902,5015
31097,2846,2791
31099,4546,4473
31101,6107,6249
31103,632,653
31105,2786,2995
31107,5620,5851
31109,202820,189630
31111,24270,24226
31113,557,568
31115,527,531
31117,352,370
31119,22096,21602
31121,5030,5029
31123,3151,3316
31125,2452,2398
31127,4386,4596
31129,3225,3181
31131,10965,10550
31133,1888,1874
31135,1894,2012
31137,6169,6285
31139,5019,4928
31141,20718,20294
31143,3660,3543
31145,7261,7296
31147,5571,5721
31149,1037,1032
31151,8034,7962
31153,122060,109539
31155,15767,14801
31157,24473,24371
31159,11564,10962
31161,3740,4105
31163,2078,2049
31165,884,932
31167,3899,3843
31169,3754,3849
31171,501,509
31173,4448,4590
31175,2994,3008
31177,15195,14402
31179,5413,5317
31181,2297,2429
31183,613,606
31185,10081,10105
32001,17382,14731
32003,1470432,1180250
32005,44186,35548
32007,31796,25872
32009,640,593
32011,1205,1005
32013,10870,8696
32015,3436,3211
32017,3200,2860
32019,43962,34891
32021,3222,3053
32023,37146,29987
32027,3238,2701
32029,3698,3036
32031,342293,296245
32033,5910,4960
32510,39850,31615
33001,53421,47500
33003,44698,39995
33005,66007,61153
33007,22602,20777
33009,79392,71914
33011,316436,288296
33013,125147,114000
33015,269999,242788
33017,109574,100838
33019,31956,29665
34001,204801,175492
34003,670313,588362
34005,344034,314051
34007,398475,347760
34009,75436,70801
34011,89731,91639
34013,568320,534447
34015,223090,206503
34017,413401,347277
34019,98982,96356
34021,260888,235447
34023,553249,518740
34025,466325,446831
34027,389909,351541
34029,442976,401209
34031,327853,302521
34033,49390,44748
34035,256911,223850
34037,114553,103839
34039,372854,329324
34041,85806,77522
35001,448784,451924
35003,3039,3096
35005,35139,33698
35006,14839,14155
35007,8965,8805
35009,25071,23166
35011,1343,1369
35013,128777,113817
35015,34599,31000
35017,20659,22581
35019,3411,3404
35021,693,742
35023,3085,3152
35025,37530,33905
35027,14831,13863
35028,15223,14130
35029,12888,11908
35031,44396,40729
35033,3739,3805
35035,36610,32291
35037,6093,6122
35039,25509,26461
35041,10799,10087
35043,105772,95142
35045,77804,71929
35047,19559,19661
35049,107812,98363
35051,8234,7801
35053,11545,11385
35055,26008,25801
35057,10343,9642
35059,2603,2607
35061,46109,42879
36001,217145,205580
36003,27563,26926
36005,867716,782405
36007,138660,131813
36009,49662,51493
36011,50620,49943
36013,84999,85348
36015,56265,55943
36017,31531,31374
36019,51555,51039
36021,49609,44598
36023,30899,31807
36025,31732,29443
36027,210340,196214
36029,660431,637195
36031,27649,27145
36033,29062,27986
36035,35509,34020
36037,40569,38800
36039,35908,32811
36041,4678,4852
36043,42775,41333
36045,68431,65510
36047,1735372,1526514
36049,18898,18010
36051,41811,42222
36053,45854,44772
36055,523016,493287
36057,30583,30148
36059,1089467,1033050
36061,1250793,1126400
36063,150318,136887
36065,142035,142815
36067,328088,314309
36069,80578,73132
36071,257382,236241
36073,25189,25213
36075,82891,77047
36077,37998,37470
36079,73905,68251
36081,1366759,1192529
36083,108674,104072
36085,344375,299514
36087,218901,204395
36089,68208,63656
36091,179593,165926
36093,108352,101523
36095,21223,20683
36097,13200,12867
36099,21981,20965
36101,63970,62748
36103,1124295,1025351
36105,56470,52719
36107,35454,33504
36109,64888,63244
36111,136730,126288
36113,48046,46196
36115,39068,37873
36117,60922,58575
36119,676362,651092
36121,26027,25569
36123,14563,14615
37001,110926,100802
37003,24953,24397
37005,7609,7467
37007,16732,17412
37009,19545,19009
37011,12355,11966
37013,34090,33292
37015,13335,14238
37017,22855,23036
37019,114745,95044
37021,207375,197792
37023,58309,58488
37025,150595,132234
37027,54780,55312
37029,8167,7684
37031,51774,52790
37033,15513,15784
37035,108863,104344
37037,57929,51202
37039,22680,23841
37041,10259,10390
37043,9131,9032
37045,67725,63704
37047,37050,36548
37049,72856,71821
37051,226653,207864
37053,21832,18878
37055,30128,29494
37057,113790,105681
37059,31481,29456
37061,30503,30125
37063,244574,231115
37065,35801,38399
37067,271904,255381
37069,47720,43473
37071,151667,142124
37073,8364,8636
37075,6081,6429
37077,39986,38011
37079,11388,11445
37081,383792,364659
37083,37958,38866
37085,82298,73147
37087,46445,44206
37089,87557,82377
37091,15048,15214
37093,33233,32070
37095,3171,3431
37097,130794,117248
37099,29791,28812
37101,143707,121690
37103,7398,7469
37105,38705,35272
37107,38541,39533
37109,62638,55588
37111,29898,29334
37113,27162,25732
37115,17264,16875
37117,16516,17318
37119,792282,708197
37121,11139,11360
37123,17029,16346
37125,74033,65658
37127,68677,66664
37129,177353,169322
37131,13939,14853
37133,117223,105879
37135,111900,116159
37137,9774,9768
37139,28723,28578
37141,44958,40026
37143,9760,10186
37145,27784,26886
37147,123553,122399
37149,16488,16058
37151,94919,92733
37153,29392,30643
37155,76791,75920
37157,61624,60613
37159,97444,94938
37161,45949,44973
37163,38096,37757
37165,22041,22960
37167,42963,40777
37169,31796,31372
37171,47194,45660
37173,10090,10564
37175,26513,25546
37177,2371,2484
37179,168233,150700
37181,29702,30180
37183,794495,704940
37185,13531,13707
37187,8316,8727
37189,45166,46172
37191,76192,76147
37193,43934,42923
37195,57018,56521
37197,24725,24113
37199,14170,13959
39001,17246,16945
39003,67374,68054
39005,34837,35452
39007,61453,60624
39009,39344,45418
39011,32489,31666
39013,46315,46971
39015,29069,28405
39017,256908,247972
39019,18416,18002
39021,26492,25696
39023,89826,89006
39025,145129,136454
39027,27616,26351
39029,66293,65637
39031,22730,22905
39033,28211,28096
39035,888556,890626
39037,34669,34063
39039,26411,25629
39041,151756,133074
39043,54129,53103
39045,109176,100115
39047,17180,16247
39049,882635,843481
39051,29496,29058
39053,18982,18831
39055,67969,64856
39057,118938,114521
39059,24549,24186
39061,600386,580341
39063,51714,50411
39065,18211,18035
39067,10205,10056
39069,19710,19315
39071,27351,27621
39073,18645,18444
39075,18286,17938
39077,36886,35732
39079,21013,21235
39081,48167,47714
39083,42320,40590
39085,163936,155424
39087,44119,44143
39089,124208,117019
39091,32218,30684
39093,218501,206401
39095,299794,300920
39097,25827,24035
39099,165259,166107
39101,40262,39530
39103,130169,121238
39105,15414,15148
39107,29398,28731
39109,75470,72257
39111,9572,9641
39113,372139,372674
39115,9262,9005
39117,25186,24860
39119,55078,53925
39121,8138,8117
39123,30442,29606
39125,12811,12699
39127,22541,22087
39129,36306,34056
39131,18124,18243
39133,108884,107183
39135,28654,27815
39137,23859,23507
39139,82754,81942
39141,46037,44003
39143,40470,39691
39145,46120,46386
39147,34413,34399
39149,32843,33984
39151,252972,249902
39153,379673,360766
39155,136895,140077
39157,59638,58365
39159,41432,36206
39161,20291,19668
39163,8627,8349
39165,167606,152192
39167,42774,42319
39169,74470,74772
39171,25515,24736
39173,93149,93751
39175,15491,15586
40001,11003,11668
40003,2936,3033
40005,7655,7623
40007,3021,3193
40009,11733,11449
40011,5390,5464
40013,24576,25154
40015,14138,14067
40017,88826,75385
40019,31087,30490
40021,26079,24638
40023,8878,8886
40025,1546,1666
40027,170790,158967
40029,3834,3904
40031,59639,55948
40033,3764,3788
40035,8285,8224
40037,41928,40005
40039,16286,16575
40041,24502,23314
40043,3069,2974
40045,2547,2580
40047,32075,30937
40049,16056,15635
40051,33897,32107
40053,2917,2949
40055,2891,2915
40057,1462,1505
40059,1940,2050
40061,7050,7203
40063,7017,6809
40065,12507,11997
40067,3514,3620
40069,6177,6162
40071,25148,25166
40073,8580,8336
40075,4980,4964
40077,6150,6507
40079,28418,28013
40081,20316,19548
40083,29691,27684
40085,6482,6050
40087,25957,23454
40089,16497,16078
40091,12139,12263
40093,4408,4442
40095,8886,8095
40097,22988,22161
40099,8065,7847
40101,38092,39022
40103,6600,6577
40105,6133,6270
40107,5987,6016
40109,441803,416451
40111,20681,21057
40113,28294,27181
40115,17983,16643
40117,9516,9300
40119,42986,41967
40121,26920,27271
40123,22084,21650
40125,40853,38541
40127,6972,7028
40129,2388,2384
40131,59458,57076
40133,12276,12258
40135,23063,22196
40137,27391,26504
40139,8931,9520
40141,4194,4340
40143,374821,357080
40145,47007,42358
40147,34212,32280
40149,6722,6631
40151,4887,5043
40153,11139,11314
41001,12523,11164
41003,60539,58361
41005,308110,268787
41007,29955,24946
41009,40186,34244
41011,47679,40326
41013,19218,15224
41015,18662,15865
41017,150675,122210
41019,83546,71460
41021,1393,1275
41023,5510,5138
41025,5483,4768
41027,15714,13553
41029,161162,140543
41031,16076,12607
41033,68830,60404
41035,49026,39802
41037,5416,4746
41039,274054,242617
41041,38426,32103
41043,93958,76279
41045,16729,14165
41047,214255,182085
41049,6753,5540
41051,571383,504955
41053,60724,51861
41055,1431,1241
41057,20706,17420
41059,46301,38868
41061,19051,16650
41063,5932,5211
41065,18169,15613
41067,382332,340657
41069,1097,986
41071,73584,62132
42001,72388,66718
42003,942256,924631
42005,44826,42552
42007,116951,113598
42009,34239,34460
42011,272244,259800
42013,80495,77834
42015,38862,37649
42017,488018,460832
42019,143222,129728
42021,88246,86848
42023,3112,3232
42025,46981,42228
42027,112098,123341
42029,380357,354459
42031,24390,24090
42033,49699,53226
42035,22387,22303
42037,39888,40868
42039,56588,53386
42041,187257,166965
42043,197820,190301
42045,425406,412854
42047,20590,20244
42049,202689,190222
42051,82373,83852
42053,3508,3330
42055,100974,93018
42057,9836,9187
42059,22813,22590
42061,28426,29781
42063,51797,51853
42065,32040,29926
42067,14490,13840
42069,149389,148104
42071,354296,335791
42073,57467,57049
42075,92641,86878
42077,249387,236081
42079,220888,205332
42081,73766,69764
42083,25849,24911
42085,74934,77265
42087,27361,25933
42089,118300,109247
42091,609195,577418
42093,14017,13098
42095,227433,211402
42097,57619,56496
42099,30034,28727
42101,1129283,1102560
42103,44669,40087
42105,11310,11005
42107,90422,87989
42109,23708,22264
42111,49285,49693
42113,4329,4404
42115,27212,26373
42117,26918,26592
42119,26259,24669
42121,33296,32655
42123,31431,30146
42125,154007,138835
42127,35705,33683
42129,253836,246020
42131,18342,16865
42133,311108,295895
44001,40048,38677
44003,129888,124951
44005,64692,61305
44007,459392,445148
44009,106358,100794
45001,16575,15351
45003,122919,110956
45005,5881,6035
45007,130040,118564
45009,9606,9688
45011,14235,13797
45013,138735,111976
45015,144862,117906
45017,11016,10794
45019,311565,277036
45021,35218,32085
45023,21709,20979
45025,27447,26195
45027,24011,23771
45029,26540,25270
45031,45109,44307
45033,19677,20037
45035,113262,99789
45037,18320,16728
45039,16222,15885
45041,91575,87689
45043,47196,42782
45045,350535,312676
45047,43318,41698
45049,13190,12991
45051,254569,204929
45053,21865,17883
45055,44370,41676
45057,67514,54859
45059,42249,39516
45061,12016,12205
45063,200416,176239
45065,7641,7093
45067,21828,22314
45069,18401,18477
45071,24832,23531
45073,55810,50114
45075,58785,58756
45077,78015,68808
45079,278632,252739
45081,12078,11817
45083,204789,177635
45085,73261,68619
45087,17512,17573
45089,22213,22646
45091,197666,167053
46003,1907,1978
46005,10401,11101
46007,2027,2091
46009,4208,4199
46011,20860,20840
46013,26475,25808
46015,3456,3578
46017,1020,994
46019,7621,7218
46021,1202,1251
46023,5832,5928
46025,2637,2730
46027,8744,8905
46029,18688,18322
46031,2582,2578
46033,7961,6908
46035,13062,12655
46037,4108,4343
46039,3150,3091
46041,3647,3484
46043,2175,2261
46045,2824,2999
46047,6105,5750
46049,1597,1640
46051,5085,5352
46053,2997,2977
46055,1456,1428
46057,4098,4068
46059,2452,2605
46061,4023,3883
46063,1043,1020
46065,12297,12032
46067,5159,5125
46069,979,1044
46071,1990,1963
46073,1310,1360
46075,732,746
46077,3829,3676
46079,9929,10677
46081,20539,19012
46083,45074,37148
46085,2309,2426
46087,3919,3874
46089,1932,1929
46091,3045,3045
46093,19360,18239
46095,1204,1254
46097,1651,1662
46099,142525,127308
46101,4533,4491
46103,89401,77900
46105,2288,2352
46107,1887,1920
46109,6667,7045
46111,1641,1661
46115,4340,4511
46117,2285,2164
46119,1177,1128
46121,5479,5458
46123,4027,4044
46125,5997,5959
46127,13848,12546
46129,4096,4076
46135,15815,15006
46137,1769,1712
47001,50804,47195
47003,27370,24887
47005,10711,10755
47007,8530,8285
47009,92362,79595
47011,74169,65892
47013,25216,24333
47015,9145,8805
47017,17194,18056
47019,36502,33589
47021,27647,24432
47023,10959,10792
47025,19978,19792
47027,5561,5702
47029,23458,22791
47031,35168,32656
47033,8456,8490
47035,45352,40339
47037,481317,405956
47039,7395,7352
47041,12643,11686
47043,36675,30720
47045,22663,21998
47047,30715,28063
47049,12726,12259
47051,27094,25583
47053,31253,30499
47055,19360,18945
47057,14762,14986
47059,41300,41747
47061,8460,7695
47063,37596,35185
47065,253206,247712
47067,4487,4966
47069,14884,14781
47071,16597,16213
47073,34746,32571
47075,10915,11154
47077,17263,17429
47079,20920,20350
47081,15099,14254
47083,5354,5268
47085,13093,12890
47087,8223,8782
47089,33073,30968
47091,10949,11242
47093,307806,305106
47095,3401,3785
47097,13562,13758
47099,25762,24585
47101,8395,7710
47103,21903,20817
47105,38969,34079
47107,31575,31310
47109,15803,16133
47111,14148,12677
47113,63466,62935
47115,19111,17807
47117,20690,18461
47119,65704,55500
47121,7970,7466
47123,32384,29153
47125,131192,111231
47127,5318,4813
47129,11638,12336
47131,19340,19112
47133,14639,14265
47135,5589,5403
47137,4057,4022
47139,13978,12820
47141,48263,42874
47143,20904,20025
47145,35299,34557
47147,46902,41579
47149,195764,167336
47151,14486,13920
47153,11266,9706
47155,70308,62214
47157,598840,567545
47159,12654,12006
47161,9391,8670
47163,107097,96771
47165,125490,109504
47167,39900,40533
47169,5868,5375
47171,11351,11120
47173,12294,11810
47175,4544,4506
47177,22834,21953
47179,85330,79139
47181,9692,10465
47183,19322,18753
47185,16762,16144
47187,179143,150089
47189,95359,80800
48001,29274,28111
48003,10272,9130
48005,53166,51610
48007,18306,17263
48009,6538,6314
48011,1498,1391
48013,29409,26488
48015,20293,19263
48017,3539,3714
48019,17098,15524
48021,52096,45137
48023,2408,2433
48025,16033,15709
48027,215974,186533
48029,1189373,1045357
48031,9344,8033
48033,499,463
48035,12724,12002
48037,61407,59083
48039,224256,196507
48041,122137,106804
48043,7524,7369
48045,1025,1096
48047,5521,6428
48049,23954,23424
48051,12440,11637
48053,33697,29587
48055,25945,22560
48057,13080,12863
48059,9773,9192
48061,218910,197726
48063,7904,7582
48065,4345,4317
48067,20889,20040
48069,3853,3959
48071,30709,26930
48073,29166,27788
48075,3658,3564
48077,7959,7656
48079,1771,1777
48081,2414,2192
48083,5960,5942
48085,648670,537358
48087,1942,1901
48089,14378,13871
48091,115876,92403
48093,9562,8911
48095,1757,1662
48097,27268,25086
48099,41450,37644
48101,1041,1072
48103,2663,2679
48105,2473,2553
48107,3629,3604
48109,1709,1762
48111,3046,3151
48113,1398469,1287082
48115,7104,7343
48117,8900,8669
48119,3949,3845
48121,565089,464790
48123,12094,11856
48125,1328,1330
48127,7341,7440
48129,2322,2312
48131,8346,8357
48133,12230,11683
48135,80872,73142
48137,1499,1514
48139,120188,102235
48141,488470,428319
48143,23935,21537
48145,10361,10135
48147,22199,20565
48149,17398,16279
48151,2646,2769
48153,3850,4068
48155,884,948
48157,482368,404035
48159,7061,6798
48161,12481,11987
48163,8984,9130
48165,9701,8616
48167,228482,208232
48169,2681,2721
48171,20404,18968
48173,800,769
48175,5766,5580
48177,12629,12272
48179,12406,12725
48181,86740,78686
48183,72867,69403
48185,17877,15713
48187,111142,93543
48189,18997,19473
48191,1926,2021
48193,5832,5467
48195,3009,3065
48197,2486,2536
48199,39952,38154
48201,2480522,2234671
48203,45933,44622
48205,2909,2975
48207,3377,3394
48209,152840,121326
48211,2355,2368
48213,54663,50692
48215,391309,338562
48217,23625,22825
48219,13781,13723
48221,44831,38284
48223,23954,22495
48225,13444,13157
48227,17526,17041
48229,2085,1840
48231,59367,52384
48233,13533,13620
48235,1298,1338
48237,5254,5080
48239,9482,9095
48241,23374,23642
48243,1670,1655
48245,149372,149233
48247,3800,3942
48249,26636,26508
48251,105574,91725
48253,9635,10101
48255,8359,7934
48257,81901,67544
48259,33836,29077
48261,296,318
48263,592,615
48265,37726,34644
48267,3113,2916
48269,183,202
48271,2270,2243
48273,18749,17998
48275,2391,2445
48277,32390,31011
48279,8085,8305
48281,15424,13786
48283,4426,4173
48285,13661,13253
48287,11145,10298
48289,11727,11159
48291,46155,43685
48293,13963,13667
48295,1977,2048
48297,7572,7255
48299,16688,15160
48301,111,110
48303,183320,166489
48305,4028,3893
48307,5361,5284
48309,149461,136088
48311,706,709
48313,7822,7193
48315,7596,7258
48317,3467,3130
48319,3168,2966
48321,22026,21578
48323,33050,30689
48325,33763,30318
48327,1469,1488
48329,90392,79919
48331,15838,14794
48333,3429,3441
48335,4524,4495
48337,14001,13320
48339,370060,311880
48341,9995,9667
48343,8583,8561
48345,859,857
48347,38786,34769
48349,29959,27786
48351,9400,9581
48353,8871,8748
48355,211652,199467
48357,5192,5295
48359,1425,1413
48361,54442,53040
48363,18946,17495
48365,16808,16348
48367,103999,85221
48369,4537,4463
48371,8323,8170
48373,40520,38530
48375,57736,54999
48377,4789,4806
48379,8320,7220
48381,93313,85106
48383,1879,1893
48385,2702,2522
48387,8489,8243
48389,7558,7103
48391,5007,5085
48393,680,716
48395,11844,11505
48397,71102,57428
48399,7025,6679
48401,32388,31331
48403,8050,7710
48405,6108,6181
48407,18969,17574
48409,43248,41354
48411,3776,3776
48413,1709,1823
48415,9489,9486
48417,2320,2328
48419,15570,15179
48421,1520,1518
48423,146149,135216
48425,6712,6018
48427,34050,32064
48429,5672,5726
48431,939,935
48433,953,998
48435,2449,2536
48437,3941,4065
48439,1212524,1077598
48441,83696,78621
48443,673,700
48445,6589,6998
48447,1216,1229
48449,17666,16605
48451,70086,64471
48453,854577,725035
48455,11541,11580
48457,14556,13559
48459,28619,27915
48461,2207,2245
48463,17420,16843
48465,28927,27690
48467,38965,36123
48469,56612,54466
48471,35038,32523
48473,35116,31132
48475,6880,6476
48477,23947,22951
48479,137840,123291
48481,25697,25206
48483,3514,3527
48485,83575,78618
48487,8196,8071
48489,12804,12306
48491,376672,299958
48493,35036,31245
48495,4013,3817
48497,45643,39092
48499,32382,29127
48501,4407,4170
48503,11769,11762
48505,8257,7645
48507,8066,8615
49001,3499,3528
49003,30465,29911
49005,66526,65302
49007,10495,11356
49009,692,822
49011,196281,181749
49013,10075,9061
49015,5636,7138
49017,3146,3064
49019,5890,6162
49021,28625,26303
49023,6991,5843
49025,4708,4508
49027,6921,6668
49029,7510,6585
49031,1004,1020
49033,1488,1339
49035,621403,564686
49037,8165,8431
49039,14272,13016
49041,11644,11424
49043,29265,25505
49045,37018,32021
49047,17472,18604
49049,333775,300289
49051,20494,16462
49053,101770,88584
49055,1750,1676
49057,129877,125440
50001,28592,26525
50003,28547,25724
50005,22226,21456
50007,134830,128407
50009,4849,4512
50011,37668,33693
50013,6138,5686
50015,20466,18760
50017,22699,20771
50019,21156,19052
50021,45818,43441
50023,47073,44470
50025,36013,33153
50027,50237,45969
51001,24624,24510
51003,81681,77204
51005,10961,10619
51007,9835,9213
51009,22245,21109
51011,11704,10689
51013,178429,169159
51015,52752,48199
51017,3307,3321
51019,60667,56369
51021,4569,4657
51023,25677,24277
51025,10944,11091
51027,15268,15986
51029,10752,10287
51031,39877,38099
51033,21744,19597
51035,20701,19392
51036,5651,5563
51037,8393,8355
51041,259263,237592
51043,11688,10761
51045,3971,3911
51047,35121,31273
51049,7198,6921
51051,10277,10805
51053,20182,19132
51057,8106,7607
51059,787188,747311
51061,54373,49248
51063,11544,10912
51065,19840,17882
51067,38483,36658
51069,64274,56290
51071,11984,11400
51073,28978,26817
51075,19961,17265
51077,10766,10695
51079,14395,13133
51081,6407,6706
51083,24588,24275
51085,84139,77384
51087,236944,222071
51089,36083,35637
51091,1851,1797
51093,29968,27747
51095,61521,56509
51097,5255,4938
51099,18567,16331
51101,13233,11745
51103,8936,8641
51105,15441,15846
51107,282263,239497
51109,27290,23560
51111,8063,7940
51113,9962,9156
51115,7191,7106
51117,22334,22187
51119,8457,7898
51121,62922,61719
51125,11646,11236
51127,17467,14964
51131,9479,9236
51133,9929,9595
51135,9464,9482
51137,26753,24025
51139,16648,15856
51141,12667,12373
51143,44812,43515
51145,23159,20943
51147,13389,13673
51149,24268,23220
51153,306786,273781
51155,23147,22063
51157,6078,5817
51159,5506,5093
51161,72199,69015
51163,15706,14603
51165,54715,49621
51167,18975,18829
51169,15741,15879
51171,30997,28348
51173,19781,19654
51175,12855,12547
51177,99198,88673
51179,105712,90522
51181,5597,5515
51183,7027,7151
51185,28368,28378
51187,28726,25377
51191,38392,37011
51193,13423,12125
51195,24124,24014
51197,20309,19176
51199,49034,45791
51510,112736,106030
51520,11714,11760
51530,4263,4164
51540,34964,35727
51550,171494,160258
51570,12755,12466
51580,3753,3723
51590,28397,28451
51595,3873,3889
51600,17373,15995
51610,11126,10248
51620,5722,5848
51630,18549,17351
51640,3879,3787
51650,99384,96020
51660,26078,28577
51670,15218,14626
51678,4222,4330
51680,55671,57049
51683,23490,23182
51685,8768,7674
51690,8879,8992
51700,123227,122324
51710,136642,126647
51720,2473,2430
51730,22947,22550
51735,9477,8991
51740,66367,65465
51750,9713,9176
51760,159074,148714
51770,64437,63416
51775,17667,17085
51790,17591,16386
51800,67517,61031
51810,322936,309470
51820,14652,13162
51830,10265,11966
51840,17594,15943
53001,7772,6689
53003,14833,14118
53005,126264,107775
53007,50620,43477
53009,57691,50987
53011,325355,272832
53013,2834,2719
53015,72696,63430
53017,25603,21070
53019,5194,4675
53021,41945,34087
53023,1687,1553
53025,47822,39319
53027,48911,40531
53029,63212,55089
53031,27700,24557
53033,1429453,1281882
53035,190644,166501
53037,30391,24521
53039,16045,13974
53041,54243,46094
53043,8049,7090
53045,44161,37824
53047,25821,22456
53049,16688,14097
53051,10329,8918
53053,567803,490666
53055,14642,12798
53057,85682,73990
53059,8972,7451
53061,518878,456502
53063,363137,306261
53065,33990,30047
53067,201865,175078
53069,3480,3008
53071,37239,33538
53073,158780,138962
53075,24748,21629
53077,127692,114075
54001,9875,9984
54003,83462,77563
54005,15279,14908
54007,8517,9067
54009,19164,19079
54011,59695,59010
54013,4768,5939
54015,5677,5891
54017,4603,4811
54019,28882,27196
54021,4648,4661
54023,7653,7937
54025,23779,26831
54027,14039,15578
54029,23998,25010
54031,8937,9324
54033,46276,45067
54035,20010,22173
54037,43118,38245
54039,127218,141639
54041,10550,10278
54043,12723,13295
54045,25516,27523
54047,15512,17511
54049,41254,40293
54051,21417,21078
54053,18626,18225
54055,42968,41266
54057,18541,19297
54059,20126,20452
54061,74545,67438
54063,9364,10818
54065,14303,13088
54067,16456,17838
54069,30994,30114
54071,5229,5316
54073,5429,5205
54075,5648,5644
54077,20207,18772
54079,40344,39015
54081,54427,54884
54083,19276,17817
54085,6256,7465
54087,9058,10349
54089,9314,9817
54091,11072,11208
54093,5774,5626
54095,6643,6628
54097,14411,14386
54099,27830,27872
54101,5417,5917
54103,10221,11968
54105,4402,4351
54107,57312,56415
54109,17697,17805
55001,13655,12758
55003,10355,10191
55005,29329,27927
55007,12261,11869
55009,166241,158213
55011,8843,8352
55013,11491,10771
55015,34253,31383
55017,40937,38421
55019,16669,16569
55021,38400,35739
55023,9994,9801
55025,398680,390668
55027,54724,52935
55029,22475,21030
55031,28889,28359
55033,27275,28218
55035,68259,67435
55037,3300,3186
55039,64257,62235
55041,6024,5984
55043,29352,31047
55045,24003,22916
55047,12192,11650
55049,15807,14940
55051,4565,4442
55053,11898,11790
55055,54391,52667
55057,15675,14565
55059,103711,97847
55061,13571,13154
55063,80020,81966
55065,9544,9554
55067,12893,12576
55069,18604,18172
55071,50831,49586
55073,87793,83260
55075,26899,26304
55077,10269,9606
55078,2055,2026
55079,571976,591586
55081,25759,23687
55083,26183,24319
55085,26874,25904
55087,122955,113915
55089,67922,65523
55091,4676,4603
55093,26774,26487
55095,29878,27758
55097,46455,48113
55099,9535,9291
55101,123693,119606
55103,10412,10403
55105,100597,95425
55107,8503,8303
55109,64402,58493
55111,41327,39177
55113,12204,11577
55115,25802,24533
55117,74660,72964
55119,12106,11681
55121,17651,17033
55123,17581,17206
55125,17446,16087
55127,65835,63934
55129,11676,11528
55131,97202,91408
55133,296544,283219
55135,33180,31474
55137,15417,14619
55139,108519,106449
55141,47065,45487
56001,21049,18933
56003,6265,6109
56005,21099,20225
56007,7480,7175
56009,7565,7285
56011,4485,4268
56013,20047,17949
56015,6741,6467
56017,2852,2790
56019,5323,4901
56021,49238,42961
56023,11411,9967
56025,38184,36780
56027,1469,1489
56029,18053,15555
56031,5325,5075
56033,17737,14916
56035,5340,4932
56037,18738,18454
56039,16419,14020
56041,10112,9578
56043,4311,4299
56045,3806,3914